/*
 * npca110.c  --  npca110 ALSA MaxAudio driver
 *
 * Copyright 2015 Nuvoton Technology Corp.
 *
 * Author: David Lin <ctlin0@nuvoton.com>
 *
 * This program is free software; you can redistribute it and/or modify
 * it under the terms of the GNU General Public License version 2 as
 * published by the Free Software Foundation.
 */
#include <linux/module.h>
#include <linux/moduleparam.h>
#include <linux/kernel.h>
#include <linux/init.h>
#include <linux/delay.h>
#include <linux/pm.h>
#include <linux/i2c.h>
#include <linux/slab.h>
#include <sound/core.h>
#include <sound/pcm.h>
#include <sound/pcm_params.h>
#include <sound/soc.h>
#include <sound/initval.h>
#include <sound/tlv.h>
#include <asm/div64.h>
#include <linux/types.h>
#include <linux/string.h>
#include <linux/of_gpio.h>
#include <linux/gpio.h>

#include "npca110.h"
//#define NPCA110_RESET	28

extern int ntp8810_playback(bool mute);

static unsigned char MaxxAudio_Cmd_Reset[] =
{
	0x00, 0xC5, 0x00,  // Soft-Reset
};
#if 1
static unsigned char MaxxAudio_Cmd_LineIn_On[] =
{
	0x00, 0xA4, 0x11,  // Load Mixer Gains - Start
	0x00, 0x00, 0x00,  // M1 - SDI0 to Processing path (-0.20 dB)
	0x00, 0x00, 0x00,  // M2 - SDI1 to Processing path (-inf)
	0x00, 0x00, 0x00,  // M3 - SDI2 to Processing path (-inf)
	0x10, 0x1D, 0x3F,  // M4 - SDI3 to Processing path (ADC) (-0.00 dB)
	0x00, 0x00, 0x00,  // M5 - SDI0 to UnProcessing path (-inf)
	0x00, 0x00, 0x00,  // M6 - SDI1 to UnProcessing path (-inf)
	0x00, 0x00, 0x00,  // M7 - SDI2 to UnProcessing path (-inf)
	0x00, 0x00, 0x00,  // M8 - SDI3 to UnProcessing path (ADC) (-inf)
	0x7F, 0xFF, 0xFF,  // M9 - SDO0 from Processed path (0.00 dB)
	0x00, 0x00, 0x00,  // M10- SDO1 from Processed path (-inf)
	0x7F, 0xFF, 0xFF,  // M11- SDO3 from Processed path (DAC1/AMP) (0.00 dB)
	0x00, 0x00, 0x00,  // M12- SDO0 from UnProcessed path (-inf)
	0x00, 0x00, 0x00,  // M13- SDO1 from UnProcessed path (-inf)
	0x00, 0x00, 0x00,  // M14- SDO3 from UnProcessed path (DAC1/AMP) (-inf)
	0x00, 0x00, 0x00,  // M15- SDO2 from Subwoofer path (DAC2/AMP) (-inf)
	0x00, 0x00, 0x00,  // M16- SDO2 from UnProcessed path (DAC2) (-inf)
	0x7F, 0xFF, 0xFF,  // M17- SDO2 from Processed path (DAC2) (0.00 dB)
	0x00, 0xC8, 0x00,  // Load Mixer Gains - End
};
#endif
#if 1
static unsigned char MaxxAudio_Cmd_LineIn_Off[] =
{
	0x00, 0xA4, 0x11,  // Load Mixer Gains - Start
	0x0F, 0xBF, 0x58,  // M1 - SDI0 to Processing path (-0.20 dB)
	0x00, 0x00, 0x00,  // M2 - SDI1 to Processing path (-inf)
	0x00, 0x00, 0x00,  // M3 - SDI2 to Processing path (-inf)
	0x00, 0x00, 0x00,  // M4 - SDI3 to Processing path (ADC) (-0.00 dB)
	0x00, 0x00, 0x00,  // M5 - SDI0 to UnProcessing path (-inf)
	0x00, 0x00, 0x00,  // M6 - SDI1 to UnProcessing path (-inf)
	0x00, 0x00, 0x00,  // M7 - SDI2 to UnProcessing path (-inf)
	0x00, 0x00, 0x00,  // M8 - SDI3 to UnProcessing path (ADC) (-inf)
	0x7F, 0xFF, 0xFF,  // M9 - SDO0 from Processed path (0.00 dB)
	0x00, 0x00, 0x00,  // M10- SDO1 from Processed path (-inf)
	0x7F, 0xFF, 0xFF,  // M11- SDO3 from Processed path (DAC1/AMP) (0.00 dB)
	0x00, 0x00, 0x00,  // M12- SDO0 from UnProcessed path (-inf)
	0x00, 0x00, 0x00,  // M13- SDO1 from UnProcessed path (-inf)
	0x00, 0x00, 0x00,  // M14- SDO3 from UnProcessed path (DAC1/AMP) (-inf)
	0x00, 0x00, 0x00,  // M15- SDO2 from Subwoofer path (DAC2/AMP) (-inf)
	0x00, 0x00, 0x00,  // M16- SDO2 from UnProcessed path (DAC2) (-inf)
	0x7F, 0xFF, 0xFF,  // M17- SDO2 from Processed path (DAC2) (0.00 dB)
	0x00, 0xC8, 0x00,  // Load Mixer Gains - End
};
#endif
#if 0
static unsigned char MaxxAudio_Cmd44K_FULL[] =
{
	0x00, 0xA5, 0x00,  // Setup Start (start initialization state)
	0x00, 0xC3, 0x01,  // Set Sample Rate : 44.1KHz
	0x00, 0xA4, 0x11,  // Load Mixer Gains - Start
	0x0F, 0xBF, 0x58,  // M1 - SDI0 to Processing path (-0.20 dB)
	//0x00, 0x00, 0x00,  // M1 - SDI0 to Processing path (-inf)
	0x00, 0x00, 0x00,  // M2 - SDI1 to Processing path (-inf)
	0x00, 0x00, 0x00,  // M3 - SDI2 to Processing path (-inf)
	0x10, 0x1D, 0x3F,  // M4 - SDI3 to Processing path (ADC) (-0.00 dB)
	0x00, 0x00, 0x00,  // M5 - SDI0 to UnProcessing path (-inf)
	0x00, 0x00, 0x00,  // M6 - SDI1 to UnProcessing path (-inf)
	0x00, 0x00, 0x00,  // M7 - SDI2 to UnProcessing path (-inf)
	0x00, 0x00, 0x00,  // M8 - SDI3 to UnProcessing path (ADC) (-inf)
	0x7F, 0xFF, 0xFF,  // M9 - SDO0 from Processed path (0.00 dB)
	0x00, 0x00, 0x00,  // M10- SDO1 from Processed path (-inf)
	0x7F, 0xFF, 0xFF,  // M11- SDO3 from Processed path (DAC1/AMP) (0.00 dB)
	0x00, 0x00, 0x00,  // M12- SDO0 from UnProcessed path (-inf)
	0x00, 0x00, 0x00,  // M13- SDO1 from UnProcessed path (-inf)
	0x00, 0x00, 0x00,  // M14- SDO3 from UnProcessed path (DAC1/AMP) (-inf)
	0x00, 0x00, 0x00,  // M15- SDO2 from Subwoofer path (DAC2/AMP) (-inf)
	0x00, 0x00, 0x00,  // M16- SDO2 from UnProcessed path (DAC2) (-inf)
	0x7F, 0xFF, 0xFF,  // M17- SDO2 from Processed path (DAC2) (0.00 dB)
	0x00, 0xC8, 0x00,  // Load Mixer Gains - End
	0x00, 0xA7, 0x3E,  // Set SSI Control (!!! Verify update POP file (patch) is loaded !!!)
	0x00, 0x83, 0xD5,  // ==> Master mode, I2S, 24bit, 64 x DCLK,.
	// # PLL and Clocks Configuration (verify 250usec delay between PLL commands)
	0xFF, 0xAB, 0xFB,  // Set Clock Control Settings
	0x24, 0x10, 0x09,  // ==>  REF=Crystal,  CLKOUT=REF/10,  DSP=REF/1,  CODEC=REF/10,
	0xFF, 0xAB, 0xFA,  // Set PLL Settings
	0x08, 0x00, 0x09,  // ==>  PLL is RESET.
	0xFF, 0xAB, 0xFA,  // Set PLL Settings
	0x00, 0x00, 0x09,  // ==>  PLL = (REF * 10) / (1 * 1).
	0xFF, 0xAB, 0xFB,  // Set Clock Control Settings
	0xA4, 0x18, 0x29,  // ==>  REF=Crystal,  CLKOUT=PLL/10,  DSP=PLL/1,  CODEC=PLL/10,
	0xFF, 0xAD, 0x84,  // Set CODEC Interface Control
	0x00, 0x00, 0x17,  // ==>  44.1KHz,  I2S.
	0xFF, 0xAD, 0x85,  // Set CODEC Power Control
	0x00, 0x1F, 0xFF,  // ==>  DAC1R power-up,  DAC1L power-up,  DAC2R power-up,  DAC2L power-up,  ADCR power-up,  ADCL power-up,
	0xFF, 0xAD, 0x81,  // Set ADC Programmable Gain Amp (PGA) Control
	0x00, 0x12, 0x12,  // ==>  L-CH: 0.0 dB,  R-CH: 0.0 dB,
	0xFF, 0xAD, 0x82,  // Set ADC Volume Control
	0x00, 0x14, 0x14,  // ==>  L-CH: 0.0 dB,  R-CH: 0.0 dB,
	0xFF, 0xAD, 0x83,  // Set ADC Input Control
	0x00, 0x00, 0x88,  // ==>  Stereo,  LIN1(30K),  RIN1(30K).
	0xFF, 0xAD, 0x80,  // Set DAC1 Volume Control
	0x00, 0x54, 0x54,  // ==>  L-CH: 0.0 dB,  R-CH: 0.0 dB,
	0xFF, 0xAD, 0x87,  // Set DAC2 Volume Control
	0x00, 0x54, 0x54,  // ==>  L-CH: 0.0 dB,  R-CH: 0.0 dB,
	0xFF, 0xAD, 0x86,  // CODEC Latch
	0x00, 0x00, 0x00,
	0xFF, 0xAD, 0x86,  // CODEC Latch
	0x00, 0x00, 0x01,
	0xFF, 0xAD, 0x86,  // CODEC Latch
	0x00, 0x00, 0x00,
	0x00, 0xF4, 0x00,  // Sub EQ - Bypass, No Reset
	0x03, 0xA8, 0xE0,  // Generic Write (Y)
	0x00, 0x00, 0x01,
	0x03, 0xA8, 0xE1,  // Generic Write (Y)
	0x00, 0x00, 0x01,
	0x03, 0xA8, 0xE2,  // Generic Write (Y)
	0x00, 0x00, 0x00,
	0x03, 0xA8, 0xE3,  // Generic Write (Y)
	0x40, 0x00, 0x00,
	0x03, 0xA8, 0xE4,  // Generic Write (Y)
	0x00, 0x00, 0x00,
	0x03, 0xA8, 0xE5,  // Generic Write (Y)
	0x00, 0x00, 0x00,
	0x03, 0xA8, 0xE6,  // Generic Write (Y)
	0x00, 0x00, 0x00,
	0x01, 0xF4, 0x01,  // Sub EQ - Active, Reset
	0x00, 0xF4, 0x00,  // Sub EQ - Bypass, No Reset
	0x03, 0xA8, 0xE0,  // Generic Write (Y)
	0x00, 0x00, 0x01,
	0x03, 0xA8, 0xE1,  // Generic Write (Y)
	0x00, 0x00, 0x01,
	0x03, 0xA8, 0xE7,  // Generic Write (Y)
	0x00, 0x00, 0x00,
	0x03, 0xA8, 0xE8,  // Generic Write (Y)
	0x40, 0x00, 0x00,
	0x03, 0xA8, 0xE9,  // Generic Write (Y)
	0x00, 0x00, 0x00,
	0x03, 0xA8, 0xEA,  // Generic Write (Y)
	0x00, 0x00, 0x00,
	0x03, 0xA8, 0xEB,  // Generic Write (Y)
	0x00, 0x00, 0x00,
	0x01, 0xF4, 0x01,  // Sub EQ - Active, Reset
	//# I/O Configuration
	0xFF, 0xAB, 0xF2,  // Set GPIO Pull-Up
	0xFF, 0xFF, 0xFF,
	0xFF, 0xAB, 0xDB,  // Set GPIO Output Enable
	0x00, 0x00, 0x00,
	0xFF, 0xAB, 0xDC,  // Set GPIO Output Value
	0x00, 0x00, 0x00,
	0xFF, 0xAB, 0xF3,  // Set GPIO Selection 2
	0x00, 0x00, 0xD0,  // ==>  SDI0 (NPCA110B only),  [GPO07/SDO1],  Crystal: ON,  [SDO2/GPO18] -> GPO18,
	0xFF, 0xAB, 0xDA,  // Set GPIO Selection 1
	0x00, 0x3F, 0x67,  // ==>  SDO3,  SDO2,  GPO07,  SDO0,  SDI3,  GPIO04,  GPIO03,  SDI0,  SYNC,  DCLK,
	//#  Start Algorithm Configuration
	0x00, 0xC2, 0x00,  // Set Speaker Type (Also disable Bypass) : 2.0 Mode
	0x00, 0xC9, 0x78,  // Set Balance  L-CH: 0dB,  R-CH: 0dB.
	0x00, 0xDF, 0x1E,  // Set Leveler Target : -6.00 dB
	0x00, 0xDB, 0x78,  // Set Leveler Range : -24.00 dB
	0x00, 0xDB, 0x78,  // Set Leveler Range : -24.00 dB
	0x00, 0xC7, 0x00,  // Set Soft Mute : Un-Mute (NOTE: Add soft-mute fade time delay)
	0x00, 0xE0, 0x0A,  // Set Soft-Mute Fade Time : 10 msec
	0x00, 0xD5, 0x30,  // Set MaxxBass Cutoff Freq : 20.0 Hz
	0x00, 0xCF, 0x01,  // Set Bypass Algorithm. Bypass is enabled for : High Pass Filter,
	0x00, 0xE1, 0x70,  // Set MaxxBass Noise Gate Threshold : -100 dB
	0x00, 0xCB, 0x00,  // Set Original Bass : Disable adding original bass
	0x00, 0xE2, 0x2F,  // Set MaxxBass Noise Gate Gap : -47 dB
	0x00, 0xD9, 0x7F,  // Set MaxxTreble Freq : 19903.1 Hz
	0x00, 0xE5, 0x2F,  // Set MaxxTreble Noise Gate Gap : -47 dB
	0x00, 0xE4, 0x70,  // Set MaxxTreble Noise Gate Threshold : -100 dB
	0x00, 0xD7, 0x30,  // Set SubCrossover : 20.0 Hz
	0x01, 0xD0, 0x90,  // Set MaxxVolume Gain : 0.00 dB
	0x00, 0xC6, 0x01,  // Set Leveler : OFF
	0x00, 0xDD, 0x01,  // Set MaxxVolume Type : Hard-Knee
	0x00, 0xD4, 0x00,  // Set MaxxVolume Dynamic Range : -80 dB
	0x00, 0xDA, 0x00,  // Set MaxxVolume Low Gain : 0.00 dB
	0x00, 0xDC, 0x00,  // Set MaxxVolume Noise Gate : -96 dB
	0x00, 0xA1, 0x05,  // Load PEQ Start
	0x00, 0x00, 0x00,  // Ch: 1
	0x00, 0x00, 0x01,  // Type: Low Shelf
	0x00, 0x00, 0x0C,  // Freq: 32 Hz
	0x00, 0x00, 0x16,  // Q: 1.37
	0x00, 0x00, 0x40,  // Gain: -0.0
	0x00, 0xD8, 0x00,  // Load PEQ End
	0x00, 0xA1, 0x05,  // Load PEQ Start
	0x00, 0x00, 0x01,  // Ch: 2
	0x00, 0x00, 0x00,  // Type: Bell
	0x00, 0x00, 0x18,  // Freq: 64 Hz
	0x00, 0x00, 0x3A,  // Q: 2.96
	0x00, 0x00, 0x40,  // Gain: -0.0
	0x00, 0xD8, 0x00,  // Load PEQ End
	0x00, 0xA1, 0x05,  // Load PEQ Start
	0x00, 0x00, 0x02,  // Ch: 3
	0x00, 0x00, 0x00,  // Type: Bell
	0x00, 0x00, 0x24,  // Freq: 128 Hz
	0x00, 0x00, 0x3A,  // Q: 2.96
	0x00, 0x00, 0x40,  // Gain: -0.0
	0x00, 0xD8, 0x00,  // Load PEQ End
	0x00, 0xA1, 0x05,  // Load PEQ Start
	0x00, 0x00, 0x03,  // Ch: 4
	0x00, 0x00, 0x00,  // Type: Bell
	0x00, 0x00, 0x30,  // Freq: 256 Hz
	0x00, 0x00, 0x3A,  // Q: 2.96
	0x00, 0x00, 0x40,  // Gain: -0.0
	0x00, 0xD8, 0x00,  // Load PEQ End
	0x00, 0xA1, 0x05,  // Load PEQ Start
	0x00, 0x00, 0x04,  // Ch: 5
	0x00, 0x00, 0x00,  // Type: Bell
	0x00, 0x00, 0x3C,  // Freq: 512 Hz
	0x00, 0x00, 0x3A,  // Q: 2.96
	0x00, 0x00, 0x40,  // Gain: -0.0
	0x00, 0xD8, 0x00,  // Load PEQ End
	0x00, 0xA1, 0x05,  // Load PEQ Start
	0x00, 0x00, 0x05,  // Ch: 6
	0x00, 0x00, 0x00,  // Type: Bell
	0x00, 0x00, 0x48,  // Freq: 1024 Hz
	0x00, 0x00, 0x3A,  // Q: 2.96
	0x00, 0x00, 0x40,  // Gain: -0.0
	0x00, 0xD8, 0x00,  // Load PEQ End
	0x00, 0xA1, 0x05,  // Load PEQ Start
	0x00, 0x00, 0x06,  // Ch: 7
	0x00, 0x00, 0x00,  // Type: Bell
	0x00, 0x00, 0x54,  // Freq: 2048 Hz
	0x00, 0x00, 0x3A,  // Q: 2.96
	0x00, 0x00, 0x40,  // Gain: -0.0
	0x00, 0xD8, 0x00,  // Load PEQ End
	0x00, 0xA1, 0x05,  // Load PEQ Start
	0x00, 0x00, 0x07,  // Ch: 8
	0x00, 0x00, 0x00,  // Type: Bell
	0x00, 0x00, 0x60,  // Freq: 4096 Hz
	0x00, 0x00, 0x3A,  // Q: 2.96
	0x00, 0x00, 0x40,  // Gain: -0.0
	0x00, 0xD8, 0x00,  // Load PEQ End
	0x00, 0xA1, 0x05,  // Load PEQ Start
	0x00, 0x00, 0x08,  // Ch: 9
	0x00, 0x00, 0x00,  // Type: Bell
	0x00, 0x00, 0x6C,  // Freq: 8192 Hz
	0x00, 0x00, 0x3A,  // Q: 2.96
	0x00, 0x00, 0x40,  // Gain: -0.0
	0x00, 0xD8, 0x00,  // Load PEQ End
	0x00, 0xA1, 0x05,  // Load PEQ Start
	0x00, 0x00, 0x09,  // Ch: 10
	0x00, 0x00, 0x02,  // Type: High Shelf
	0x00, 0x00, 0x78,  // Freq: 16384 Hz
	0x00, 0x00, 0x16,  // Q: 1.37
	0x00, 0x00, 0x40,  // Gain: -0.0
	0x00, 0xD8, 0x00,  // Load PEQ End
	0x00, 0xCF, 0x01,  // Set Bypass Algorithm. Bypass is enabled for : High Pass Filter,
	0x00, 0xD1, 0x00,  // Set MaxxBass Intensity : 0.0 %
	0x00, 0xD1, 0x09,  // Set MaxxBass Intensity : 11.8 %
	0x00, 0xD1, 0x12,  // Set MaxxBass Intensity : 23.7 %
	0x00, 0xD1, 0x1B,  // Set MaxxBass Intensity : 35.5 %
	0x00, 0xD1, 0x24,  // Set MaxxBass Intensity : 47.4 %
	0x00, 0xD1, 0x2D,  // Set MaxxBass Intensity : 59.2 %
	0x00, 0xD1, 0x36,  // Set MaxxBass Intensity : 71.1 %
	0x00, 0xD1, 0x3F,  // Set MaxxBass Intensity : 82.9 %
	0x00, 0xD1, 0x48,  // Set MaxxBass Intensity : 94.7 %
	0x00, 0xD1, 0x4C,  // Set MaxxBass Intensity : 100.0 %
	0x00, 0xD1, 0x00,  // Set MaxxBass Intensity : 0.0 %
	0x00, 0xCF, 0x01,  // Set Bypass Algorithm. Bypass is enabled for : High Pass Filter,
	0x00, 0xD2, 0x00,  // Set MaxxTreble Intensity : 0.0 %
	0x00, 0xCF, 0x01,  // Set Bypass Algorithm. Bypass is enabled for : High Pass Filter,
	0x00, 0xD3, 0x00,  // Set Maxx3D Intensity : 0.0 %
	0x00, 0xD6, 0x0B,  // Set Maxx3D Mode : SF 44.1KHz/48KHz, Speaker Span Normal, Low-Pass 0 dB
	0x00, 0xCF, 0x01,  // Set Bypass Algorithm. Bypass is enabled for : High Pass Filter,
	0x00, 0xE8, 0x3F,  // Set MaxxDialog Level : 49.6 %
	0x00, 0xE9, 0x3F,  // Set MaxxDialog Side Level : 49.6 %
	0x00, 0xCF, 0x01,  // Set Bypass Algorithm. Bypass is enabled for : High Pass Filter,
	0x00, 0xCC, 0x01,  //
	0xFF, 0xAB, 0xF4,  // Set HWP_INDEX
	0x00, 0x00, 0x00,
	0xFF, 0xAB, 0xF5,  // Set HWP_CTL
	0x30, 0x07, 0x0C,
	0xFF, 0xAB, 0xF6,  // Set HWP_DATA0
	0x61, 0x70, 0x00,
	0xFF, 0xAB, 0xF7,  // Set HWP_DATA1
	0x00, 0x01, 0xFC,
	0xFF, 0xAB, 0xF4,  // Set HWP_INDEX
	0x00, 0x00, 0x01,
	0xFF, 0xAB, 0xF5,  // Set HWP_CTL
	0x30, 0x07, 0x0E,
	0xFF, 0xAB, 0xF6,  // Set HWP_DATA0
	0x54, 0xF4, 0x00,
	0xFF, 0xAB, 0xF7,  // Set HWP_DATA1
	0x00, 0x04, 0xE2,
	0xFF, 0xAB, 0xF4,  // Set HWP_INDEX
	0x00, 0x00, 0x02,
	0xFF, 0xAB, 0xF5,  // Set HWP_CTL
	0x10, 0x07, 0x13,
	0xFF, 0xAB, 0xF6,  // Set HWP_DATA0
	0x00, 0x0C, 0x40,
	0xFF, 0xAB, 0xF4,  // Set HWP_INDEX
	0x00, 0x00, 0x03,
	0xFF, 0xAB, 0xF5,  // Set HWP_CTL
	0x10, 0x10, 0x95,
	0xFF, 0xAB, 0xF6,  // Set HWP_DATA0
	0x4F, 0xDC, 0xBA,
	0xFF, 0xAB, 0xF4,  // Set HWP_INDEX
	0x00, 0x00, 0x04,
	0xFF, 0xAB, 0xF5,  // Set HWP_CTL
	0x10, 0x13, 0x9E,
	0xFF, 0xAB, 0xF6,  // Set HWP_DATA0
	0x00, 0x00, 0x00,
	0xFF, 0xAB, 0xF4,  // Set HWP_INDEX
	0x00, 0x00, 0x05,
	0xFF, 0xAB, 0xF5,  // Set HWP_CTL
	0x30, 0x0F, 0x6C,
	0xFF, 0xAB, 0xF6,  // Set HWP_DATA0
	0x56, 0xF4, 0x00,
	0xFF, 0xAB, 0xF7,  // Set HWP_DATA1
	0x00, 0x00, 0xA9,
	0xFF, 0xAB, 0xF4,  // Set HWP_INDEX
	0x00, 0x00, 0x06,
	0xFF, 0xAB, 0xF5,  // Set HWP_CTL
	0x30, 0x0F, 0x66,
	0xFF, 0xAB, 0xF6,  // Set HWP_DATA0
	0x0A, 0xF0, 0x80,
	0xFF, 0xAB, 0xF7,  // Set HWP_DATA1
	0x00, 0x0C, 0xFC,
	0xFF, 0xAB, 0xF4,  // Set HWP_INDEX
	0x00, 0x00, 0x07,
	0xFF, 0xAB, 0xF5,  // Set HWP_CTL
	0x20, 0x19, 0xE4,
	0xFF, 0xAB, 0xF6,  // Set HWP_DATA0
	0x63, 0xF4, 0x00,
	0xFF, 0xAB, 0xF7,  // Set HWP_DATA1
	0x00, 0x02, 0xE0,
	0x06, 0xAA, 0x06,  // Set Patch Version
	0x04, 0xA2, 0xE2,  // Load Patch (extend data 1250 x 3)
	0x61, 0xF4, 0x00,
	0x00, 0x0D, 0x42,
	0x61, 0x70, 0x00,
	0x00, 0x02, 0x47,
	0x3C, 0x0A, 0x00,
	0x38, 0x0A, 0x00,
	0x64, 0xF4, 0x00,
	0x00, 0x01, 0x34,
	0x60, 0xF4, 0x00,
	0x00, 0x01, 0xDA,
	0x05, 0xF4, 0x20,
	0xFF, 0xFF, 0xFF,
	0x04, 0x64, 0xA0,
	0x20, 0x4C, 0x00,
	0x20, 0x48, 0x00,
	0x44, 0xB8, 0x00,
	0x0C, 0xC4, 0xA0,
	0x00, 0x00, 0x16,
	0x57, 0xF4, 0x00,
	0x7F, 0xF7, 0x05,
	0x5F, 0x5C, 0x00,
	0x5F, 0x58, 0x00,
	0x57, 0xF4, 0x00,
	0x7F, 0xFF, 0x38,
	0x5F, 0x5C, 0x00,
	0x5F, 0x58, 0x00,
	0x20, 0x5C, 0x00,
	0x20, 0x58, 0x00,
	0x57, 0xF4, 0x00,
	0x7F, 0xFF, 0xBC,
	0x5F, 0x5C, 0x00,
	0x5F, 0x58, 0x00,
	0x57, 0xF4, 0x00,
	0x7F, 0xC7, 0x29,
	0x5F, 0x5C, 0x00,
	0x5F, 0x58, 0x00,
	0x0A, 0xF0, 0x80,
	0x00, 0x0C, 0x78,
	0x57, 0xF4, 0x00,
	0x7F, 0xF6, 0x3A,
	0x5F, 0x5C, 0x00,
	0x5F, 0x58, 0x00,
	0x57, 0xF4, 0x00,
	0x7F, 0xFF, 0x27,
	0x5F, 0x5C, 0x00,
	0x5F, 0x58, 0x00,
	0x20, 0x5C, 0x00,
	0x20, 0x58, 0x00,
	0x57, 0xF4, 0x00,
	0x7F, 0xFF, 0xB6,
	0x5F, 0x5C, 0x00,
	0x5F, 0x58, 0x00,
	0x57, 0xF4, 0x00,
	0x7F, 0xC2, 0x23,
	0x5F, 0x5C, 0x00,
	0x5F, 0x58, 0x00,
	0x54, 0xF0, 0x00,
	0xFF, 0xFF, 0xF1,
	0x0C, 0x1E, 0xE2,
	0x01, 0x40, 0xC6,
	0x00, 0x00, 0x07,
	0x01, 0x40, 0xC5,
	0x00, 0x00, 0x01,
	0x0A, 0xF0, 0xA2,
	0x00, 0x0C, 0x89,
	0x61, 0xF4, 0x00,
	0x00, 0xCD, 0xAC,
	0x61, 0x70, 0x00,
	0x00, 0x02, 0x14,
	0x61, 0xF4, 0x00,
	0x00, 0xC8, 0x32,
	0x61, 0x70, 0x00,
	0x00, 0x01, 0xFF,
	0x60, 0xF4, 0x00,
	0x00, 0x0D, 0x4A,
	0x60, 0x70, 0x00,
	0x00, 0x01, 0xF8,
	0x0B, 0xF0, 0x80,
	0x00, 0x0D, 0x4A,
	0x61, 0xF4, 0x00,
	0x00, 0x0D, 0x03,
	0x61, 0x70, 0x00,
	0x00, 0x02, 0x42,
	0x61, 0xF4, 0x00,
	0xFF, 0xFF, 0xF4,
	0x44, 0xF4, 0x00,
	0x00, 0x00, 0x07,
	0x44, 0x59, 0x00,
	0x44, 0xB8, 0x00,
	0x0C, 0xC4, 0xA0,
	0x00, 0x00, 0x06,
	0x44, 0xF4, 0x00,
	0x20, 0x19, 0xE4,
	0x0A, 0xF0, 0x80,
	0x00, 0x0C, 0xA1,
	0x44, 0xF4, 0x00,
	0x30, 0x19, 0xE4,
	0x44, 0x61, 0x00,
	0x61, 0xF4, 0x00,
	0x00, 0x0D, 0x6F,
	0x61, 0x70, 0x00,
	0x00, 0x02, 0x56,
	0x61, 0xF4, 0x00,
	0x00, 0x0D, 0xA4,
	0x61, 0x70, 0x00,
	0x00, 0x02, 0x45,
	0x65, 0xF4, 0x13,
	0x00, 0x03, 0x80,
	0x44, 0xF4, 0x00,
	0x00, 0x03, 0x81,
	0x44, 0x5D, 0x00,
	0x06, 0x40, 0xA0,
	0x56, 0x5D, 0x00,
	0x0B, 0xF0, 0x80,
	0x00, 0x0D, 0xC6,
	0x61, 0xF4, 0x00,
	0x00, 0x0D, 0xCE,
	0x61, 0x70, 0x00,
	0x00, 0x02, 0x15,
	0x61, 0xF4, 0x00,
	0x00, 0x0F, 0x43,
	0x61, 0x70, 0x00,
	0x00, 0x01, 0xFC,
	0x60, 0xF4, 0x00,
	0x00, 0x00, 0x0E,
	0x45, 0xF4, 0x00,
	0x0B, 0xF0, 0x80,
	0x44, 0xF4, 0x00,
	0x00, 0x0E, 0xA4,
	0x07, 0x58, 0x85,
	0x07, 0x58, 0x84,
	0x60, 0xF4, 0x00,
	0x00, 0x00, 0x1A,
	0x07, 0x58, 0x85,
	0x07, 0x58, 0x84,
	0x0B, 0xF0, 0x80,
	0x00, 0x0E, 0x73,
	0x61, 0xF4, 0x00,
	0x00, 0x0E, 0xDE,
	0x64, 0xF4, 0x00,
	0x00, 0x03, 0x95,
	0x60, 0xF4, 0x00,
	0x00, 0x03, 0x71,
	0x0B, 0xE1, 0x80,
	0x64, 0xF4, 0x00,
	0x00, 0x03, 0x98,
	0x60, 0xF4, 0x00,
	0x00, 0x03, 0x75,
	0x0B, 0xE1, 0x80,
	0x64, 0xF4, 0x00,
	0x00, 0x03, 0x99,
	0x60, 0xF4, 0x00,
	0x00, 0x03, 0x76,
	0x46, 0xF4, 0x00,
	0x00, 0x00, 0x0E,
	0x4E, 0x64, 0x00,
	0x46, 0x60, 0x00,
	0x60, 0xF4, 0x00,
	0x00, 0x03, 0x79,
	0x44, 0xF4, 0x00,
	0x00, 0x00, 0x0A,
	0x0B, 0xF0, 0x80,
	0x00, 0x0E, 0xE7,
	0x46, 0xF4, 0x00,
	0x7F, 0xFF, 0xFF,
	0x4E, 0x70, 0x00,
	0x00, 0x03, 0x9B,
	0x64, 0xF4, 0x00,
	0x00, 0x03, 0x9D,
	0x60, 0xF4, 0x00,
	0x00, 0x03, 0x7C,
	0x46, 0xF4, 0x00,
	0x00, 0x00, 0x17,
	0x4E, 0x64, 0x00,
	0x46, 0x60, 0x00,
	0x0A, 0xC4, 0x40,
	0x0B, 0xF0, 0x80,
	0x00, 0x10, 0xEF,
	0x61, 0xF4, 0x00,
	0x00, 0x11, 0x0F,
	0x61, 0x70, 0x00,
	0x00, 0x02, 0xD9,
	0x0B, 0xF0, 0x80,
	0x00, 0x0D, 0x08,
	0x54, 0xF0, 0x00,
	0x00, 0x00, 0x46,
	0x0A, 0xF0, 0x80,
	0x00, 0x11, 0x1C,
	0x61, 0xF0, 0x00,
	0x00, 0x02, 0x20,
	0x21, 0xBA, 0x00,
	0x0B, 0xE1, 0x80,
	0x0B, 0xF0, 0x80,
	0x00, 0x0D, 0x08,
	0x00, 0x00, 0x0C,
	0x0B, 0xF0, 0x80,
	0x00, 0xD1, 0x39,
	0x0B, 0xF0, 0x80,
	0x00, 0x0D, 0x08,
	0x00, 0x00, 0x0C,
	0x05, 0xF4, 0x23,
	0xFF, 0xFF, 0xFF,
	0x20, 0x00, 0x1B,
	0x57, 0xF0, 0x13,
	0x00, 0x02, 0xB7,
	0x56, 0xBD, 0x00,
	0x01, 0x41, 0x85,
	0x0A, 0xF0, 0xA2,
	0x00, 0x0D, 0x13,
	0x57, 0xF0, 0x00,
	0x00, 0x02, 0xB9,
	0x46, 0xF4, 0x00,
	0x00, 0x00, 0x01,
	0x20, 0x00, 0x58,
	0x21, 0xE5, 0x3A,
	0x20, 0x00, 0x68,
	0x47, 0xF4, 0x00,
	0x00, 0x16, 0x00,
	0x46, 0xF0, 0x78,
	0x00, 0x00, 0x48,
	0x20, 0x00, 0x58,
	0x21, 0xF3, 0x00,
	0x6C, 0xF0, 0x00,
	0x00, 0x02, 0x4E,
	0x74, 0xF4, 0x00,
	0x00, 0x00, 0x03,
	0x20, 0x4C, 0x00,
	0x4E, 0xDB, 0x13,
	0x20, 0xCE, 0x00,
	0x4E, 0x5C, 0x00,
	0x4E, 0xDB, 0x00,
	0x4E, 0x5C, 0x00,
	0x4E, 0xDB, 0x00,
	0x4E, 0x64, 0x00,
	0x44, 0xF0, 0x00,
	0x00, 0x02, 0xA6,
	0x63, 0xF4, 0x00,
	0x00, 0x1A, 0xE8,
	0x46, 0xF4, 0x00,
	0x00, 0x00, 0x18,
	0x20, 0x54, 0xD8,
	0x20, 0x54, 0x2A,
	0x21, 0x3B, 0x00,
	0x20, 0x4B, 0x00,
	0x73, 0xF4, 0x00,
	0x00, 0x00, 0x12,
	0x20, 0x4B, 0x00,
	0x46, 0xDB, 0x1B,
	0x20, 0xCF, 0x00,
	0x20, 0x00, 0x0D,
	0x0D, 0x10, 0x49,
	0x00, 0x00, 0x07,
	0x4E, 0x5C, 0x00,
	0x46, 0xDB, 0x00,
	0x4E, 0x5C, 0x00,
	0x46, 0xDB, 0x00,
	0x4E, 0x64, 0x00,
	0x00, 0x00, 0x0C,
	0x0B, 0xF0, 0x80,
	0x00, 0xD3, 0x68,
	0x46, 0xF4, 0x00,
	0x4D, 0xF8, 0xF0,
	0x74, 0xF4, 0x00,
	0x00, 0x00, 0x1E,
	0x4E, 0x6C, 0x00,
	0x00, 0x00, 0x0C,
	0x55, 0xBE, 0x00,
	0x01, 0x40, 0xCE,
	0xFF, 0xFF, 0x3F,
	0x30, 0xFF, 0x00,
	0x04, 0xCD, 0xCD,
	0x20, 0x00, 0x1B,
	0x22, 0x09, 0x00,
	0x00, 0x00, 0x0B,
	0x0D, 0x10, 0x4A,
	0x00, 0x00, 0x0A,
	0x0A, 0x9D, 0xA1,
	0x00, 0x0D, 0x51,
	0x22, 0x09, 0x00,
	0x00, 0x00, 0x0B,
	0x0D, 0x10, 0x4A,
	0x00, 0x00, 0x04,
	0x0A, 0x9D, 0x81,
	0x00, 0x0D, 0x57,
	0x08, 0x45, 0x1A,
	0x56, 0xF4, 0x00,
	0x00, 0x03, 0xFF,
	0x20, 0x00, 0x62,
	0x08, 0xCC, 0x1A,
	0x20, 0xA4, 0x00,
	0x07, 0xF0, 0x2D,
	0x00, 0x00, 0x3E,
	0x57, 0xF0, 0x00,
	0x00, 0x02, 0xAC,
	0x45, 0xF4, 0x00,
	0x00, 0x00, 0x02,
	0x45, 0xF4, 0x6A,
	0xFF, 0x0F, 0xFF,
	0x20, 0x00, 0x6E,
	0x55, 0x70, 0x00,
	0x00, 0x02, 0xAC,
	0x08, 0xC4, 0x1A,
	0x00, 0x00, 0x0C,
	0x57, 0xF0, 0x00,
	0x00, 0x01, 0x90,
	0x56, 0xF0, 0x2A,
	0x00, 0x01, 0x8E,
	0x20, 0x00, 0x22,
	0x70, 0xF4, 0x10,
	0x00, 0x00, 0x02,
	0x0B, 0xF0, 0x80,
	0x00, 0xDA, 0xF0,
	0x70, 0xF4, 0x00,
	0x00, 0x00, 0x00,
	0xF3, 0x98, 0x26,
	0x14, 0xDC, 0x47,
	0x02, 0x90, 0x58,
	0x21, 0xE6, 0x1B,
	0x51, 0xD0, 0xD2,
	0x20, 0x00, 0xE6,
	0x20, 0x00, 0x10,
	0xF9, 0x18, 0x09,
	0x50, 0x58, 0x00,
	0x20, 0xEE, 0x7D,
	0x02, 0x90, 0x78,
	0x21, 0xE6, 0x00,
	0x00, 0xFE, 0xB9,
	0x06, 0x18, 0xA0,
	0x01, 0x80, 0x50,
	0x21, 0x05, 0x00,
	0x21, 0x0E, 0x00,
	0x02, 0x0C, 0xB6,
	0x21, 0xC5, 0x00,
	0x20, 0x00, 0xE0,
	0x20, 0x00, 0x32,
	0xF7, 0x98, 0x00,
	0x4E, 0xDC, 0x67,
	0x02, 0x90, 0x58,
	0x12, 0x90, 0x00,
	0x01, 0x27, 0xA5,
	0x21, 0x04, 0x00,
	0x01, 0x26, 0xB5,
	0x01, 0x24, 0xAE,
	0x21, 0xC5, 0x18,
	0x20, 0x00, 0xEE,
	0x55, 0x58, 0x00,
	0x51, 0x58, 0x00,
	0x20, 0x5C, 0x00,
	0x4C, 0xDC, 0x00,
	0x47, 0xF4, 0x00,
	0x7F, 0xFF, 0xFF,
	0x0B, 0xC4, 0x60,
	0x02, 0x80, 0x78,
	0x57, 0x70, 0x00,
	0x00, 0x01, 0xB3,
	0x00, 0x00, 0x0C,
	0x0A, 0xC4, 0x26,
	0x00, 0xD2, 0x9B,
	0x61, 0xF0, 0x00,
	0x00, 0x02, 0x56,
	0x0B, 0xE1, 0x80,
	0x57, 0xF0, 0x00,
	0x00, 0x01, 0x96,
	0x63, 0xF0, 0x00,
	0x00, 0x03, 0x80,
	0x44, 0xE3, 0x00,
	0x57, 0x5B, 0x00,
	0x44, 0x70, 0x00,
	0x00, 0x01, 0x96,
	0x22, 0x6E, 0x00,
	0x44, 0xF4, 0x00,
	0x00, 0x03, 0x81,
	0x01, 0x40, 0xC5,
	0x00, 0x03, 0xC1,
	0x02, 0x10, 0x40,
	0x56, 0x70, 0x00,
	0x00, 0x03, 0x80,
	0x44, 0xF0, 0x00,
	0x00, 0x01, 0x90,
	0x1F, 0xB0, 0x41,
	0x00, 0x01, 0x8E,
	0x20, 0x00, 0x07,
	0x02, 0x90, 0x00,
	0x20, 0x00, 0x79,
	0x20, 0x00, 0x07,
	0x02, 0x90, 0x00,
	0x20, 0x8F, 0x00,
	0x20, 0x00, 0x79,
	0x0A, 0xF0, 0x80,
	0x00, 0xD2, 0x17,
	0x20, 0x00, 0x13,
	0x60, 0xF4, 0x00,
	0x00, 0x03, 0x68,
	0x56, 0x60, 0x00,
	0x06, 0x08, 0x80,
	0x00, 0x0D, 0xCC,
	0x56, 0x58, 0x00,
	0x00, 0x00, 0x0C,
	0x56, 0xF0, 0x00,
	0x00, 0x01, 0xA7,
	0x57, 0xF0, 0x22,
	0x00, 0x01, 0xA8,
	0x56, 0x70, 0x2A,
	0x00, 0x01, 0x8E,
	0x57, 0x70, 0x00,
	0x00, 0x01, 0x90,
	0x6C, 0xF0, 0x00,
	0x00, 0x02, 0x4D,
	0x3C, 0x00, 0x00,
	0x61, 0xF0, 0x00,
	0x00, 0x02, 0x1A,
	0x20, 0x4C, 0x00,
	0x30, 0x4F, 0x00,
	0x44, 0xF0, 0x00,
	0x00, 0x00, 0x46,
	0x0B, 0xE1, 0x80,
	0x6C, 0xF0, 0x00,
	0x00, 0x02, 0x4D,
	0x3C, 0x03, 0x00,
	0x61, 0xF0, 0x00,
	0x00, 0x02, 0x2F,
	0x20, 0x4C, 0x00,
	0x30, 0x5D, 0x00,
	0x44, 0xF0, 0x00,
	0x00, 0x00, 0x46,
	0x0B, 0xE1, 0x80,
	0x64, 0xF4, 0x00,
	0x00, 0x02, 0xC3,
	0x61, 0xF0, 0x00,
	0x00, 0x02, 0x3E,
	0x30, 0xC9, 0x00,
	0x44, 0xF0, 0x00,
	0x00, 0x00, 0x46,
	0x0B, 0xE1, 0x80,
	0x64, 0xF4, 0x00,
	0x00, 0x02, 0xD9,
	0x61, 0xF0, 0x00,
	0x00, 0x02, 0x88,
	0x44, 0xF0, 0x00,
	0x00, 0x00, 0x46,
	0x0B, 0xE1, 0x80,
	0x6C, 0xF0, 0x00,
	0x00, 0x02, 0x4D,
	0x3C, 0x10, 0x00,
	0x61, 0xF0, 0x00,
	0x00, 0x02, 0x32,
	0x20, 0x4C, 0x00,
	0x30, 0x9B, 0x00,
	0x44, 0xF0, 0x00,
	0x00, 0x00, 0x46,
	0x0B, 0xE1, 0x80,
	0x44, 0xF0, 0x00,
	0x00, 0x01, 0x9E,
	0x44, 0x70, 0x00,
	0x00, 0x01, 0x97,
	0x44, 0xF0, 0x00,
	0x00, 0x01, 0xA0,
	0x44, 0x70, 0x00,
	0x00, 0x01, 0x9A,
	0x6C, 0xF0, 0x00,
	0x00, 0x02, 0x4D,
	0x3C, 0x13, 0x00,
	0x61, 0xF0, 0x00,
	0x00, 0x02, 0x25,
	0x20, 0x4C, 0x00,
	0x30, 0xA9, 0x00,
	0x44, 0xF0, 0x00,
	0x00, 0x00, 0x46,
	0x0B, 0xE1, 0x80,
	0x56, 0xF0, 0x00,
	0x00, 0x01, 0x9A,
	0x44, 0xF0, 0x00,
	0x00, 0x01, 0x97,
	0x57, 0xF0, 0x40,
	0x00, 0x01, 0x9D,
	0x44, 0xF0, 0x22,
	0x00, 0x01, 0x9F,
	0x45, 0xF0, 0x48,
	0x00, 0x01, 0x92,
	0x45, 0x70, 0x2A,
	0x00, 0x01, 0x8E,
	0x45, 0xF0, 0x10,
	0x00, 0x01, 0x94,
	0x45, 0x70, 0x22,
	0x00, 0x01, 0x90,
	0x20, 0x00, 0x22,
	0x56, 0x70, 0x00,
	0x00, 0x01, 0x96,
	0x6C, 0xF0, 0x00,
	0x00, 0x02, 0x4D,
	0x3C, 0x29, 0x00,
	0x61, 0xF0, 0x00,
	0x00, 0x02, 0x37,
	0x20, 0x4C, 0x00,
	0x30, 0xD7, 0x00,
	0x44, 0xF0, 0x00,
	0x00, 0x00, 0x46,
	0x0B, 0xE1, 0x80,
	0x56, 0xF0, 0x00,
	0x00, 0x01, 0x8E,
	0x57, 0xF0, 0x22,
	0x00, 0x01, 0x90,
	0x20, 0x00, 0x22,
	0x56, 0x70, 0x2A,
	0x00, 0x01, 0x8E,
	0x20, 0x00, 0x2A,
	0x57, 0x70, 0x00,
	0x00, 0x01, 0x90,
	0x6C, 0xF0, 0x00,
	0x00, 0x02, 0x4D,
	0x74, 0xF4, 0x00,
	0x00, 0x00, 0x5F,
	0x61, 0xF0, 0x00,
	0x00, 0x02, 0x7A,
	0x20, 0x4C, 0x00,
	0x60, 0xF4, 0x00,
	0x00, 0x01, 0x4E,
	0x0B, 0xE1, 0x80,
	0x30, 0xFA, 0x00,
	0x61, 0xF0, 0x00,
	0x00, 0x02, 0x63,
	0x64, 0xF4, 0x00,
	0x00, 0x02, 0x50,
	0x0B, 0xE1, 0x80,
	0x60, 0xF4, 0x00,
	0x00, 0x03, 0x68,
	0x44, 0xD8, 0x00,
	0x0A, 0xC4, 0x00,
	0x00, 0x0E, 0x5C,
	0x64, 0xF4, 0x00,
	0x00, 0x03, 0xE0,
	0x7D, 0xDC, 0x00,
	0x79, 0xDC, 0x00,
	0x38, 0x02, 0x00,
	0x57, 0xF0, 0x00,
	0x00, 0x01, 0x96,
	0x0B, 0xF0, 0x80,
	0x00, 0xD3, 0xA1,
	0x57, 0x70, 0x00,
	0x00, 0x01, 0x96,
	0x6C, 0xF0, 0x00,
	0x00, 0x02, 0x4D,
	0x3C, 0x33, 0x00,
	0x61, 0xF0, 0x00,
	0x00, 0x02, 0x45,
	0x30, 0xE1, 0x00,
	0x20, 0x4C, 0x00,
	0x44, 0xF0, 0x00,
	0x00, 0x00, 0x46,
	0x0B, 0xE1, 0x80,
	0x44, 0xF0, 0x00,
	0x00, 0x01, 0x92,
	0x44, 0x70, 0x00,
	0x00, 0x01, 0xAB,
	0x44, 0xF0, 0x00,
	0x00, 0x01, 0x94,
	0x44, 0x70, 0x00,
	0x00, 0x01, 0xAC,
	0x44, 0xF0, 0x00,
	0x00, 0x01, 0x96,
	0x44, 0x70, 0x00,
	0x00, 0x01, 0xAD,
	0x00, 0x00, 0x0C,
	0x44, 0xF0, 0x00,
	0x00, 0x02, 0xB3,
	0x44, 0x70, 0x00,
	0x00, 0x03, 0xFA,
	0x44, 0xF4, 0x00,
	0x00, 0x00, 0x00,
	0x44, 0x70, 0x00,
	0x00, 0x03, 0xFB,
	0x44, 0xF4, 0x00,
	0x00, 0x01, 0xD6,
	0x44, 0x70, 0x00,
	0x00, 0x03, 0xFC,
	0x44, 0xF4, 0x00,
	0x00, 0x00, 0x01,
	0x44, 0x70, 0x00,
	0x00, 0x03, 0xFD,
	0x00, 0x00, 0x0C,
	0x44, 0xF0, 0x00,
	0x00, 0x02, 0xB3,
	0x0A, 0xC5, 0x00,
	0x00, 0x0E, 0xA1,
	0x44, 0xF0, 0x00,
	0x00, 0x00, 0x46,
	0x0A, 0xC4, 0x26,
	0x00, 0x0E, 0xA1,
	0x44, 0xF0, 0x00,
	0x00, 0x03, 0xFD,
	0x01, 0x41, 0xC8,
	0x00, 0x00, 0x4E,
	0x20, 0x00, 0x2A,
	0x21, 0x26, 0x00,
	0x44, 0xF0, 0x00,
	0x00, 0x02, 0xB2,
	0x20, 0x00, 0xD8,
	0x44, 0xF0, 0x00,
	0x00, 0x03, 0xFC,
	0x20, 0x00, 0xDE,
	0x2E, 0x00, 0x00,
	0x20, 0x00, 0x1D,
	0x0C, 0x1C, 0x95,
	0x50, 0xF0, 0x00,
	0x00, 0x02, 0xB3,
	0x20, 0x00, 0x14,
	0x2F, 0x00, 0x00,
	0x20, 0x00, 0x1D,
	0x21, 0x24, 0x00,
	0x44, 0x70, 0x00,
	0x00, 0x03, 0xFA,
	0x00, 0x00, 0x0C,
	0x0B, 0xF0, 0x80,
	0x00, 0xC2, 0x71,
	0x0A, 0x15, 0x20,
	0x60, 0xF4, 0x00,
	0x00, 0x03, 0x71,
	0x64, 0xF4, 0x00,
	0x00, 0x03, 0x95,
	0x0B, 0xF0, 0x80,
	0x00, 0x0F, 0x10,
	0x60, 0xF4, 0x00,
	0x00, 0x03, 0x75,
	0x64, 0xF4, 0x00,
	0x00, 0x03, 0x98,
	0x0B, 0xF0, 0x80,
	0x00, 0x0F, 0x10,
	0x60, 0xF4, 0x00,
	0x00, 0x03, 0x7B,
	0x64, 0xF4, 0x00,
	0x00, 0x03, 0x9C,
	0x0B, 0xF0, 0x80,
	0x00, 0x0F, 0x10,
	0x61, 0xF0, 0x13,
	0x00, 0x01, 0xEA,
	0x56, 0x70, 0x00,
	0x00, 0x01, 0x96,
	0x0B, 0xF0, 0x80,
	0x00, 0xC8, 0x6B,
	0x0B, 0xE1, 0x80,
	0x4E, 0xF0, 0x00,
	0x00, 0x03, 0x9B,
	0x44, 0xF0, 0x00,
	0x00, 0x01, 0xAB,
	0x45, 0xF0, 0xD1,
	0x00, 0x01, 0xAC,
	0x56, 0x70, 0xE1,
	0x00, 0x01, 0xAB,
	0x56, 0x70, 0x00,
	0x00, 0x01, 0xAC,
	0x44, 0xF0, 0x00,
	0x00, 0x01, 0xAD,
	0x20, 0x00, 0xD1,
	0x56, 0x70, 0x00,
	0x00, 0x01, 0xAD,
	0x44, 0xF0, 0x00,
	0x00, 0x01, 0xA5,
	0x44, 0x70, 0x00,
	0x00, 0x01, 0xA9,
	0x44, 0xF0, 0x00,
	0x00, 0x01, 0xA6,
	0x44, 0x70, 0x00,
	0x00, 0x01, 0xAA,
	0x0B, 0x14, 0xAA,
	0x00, 0x10, 0xFE,
	0x0B, 0xF0, 0x80,
	0x00, 0xC8, 0xAD,
	0x0B, 0xF0, 0x80,
	0x00, 0xC2, 0xAE,
	0x00, 0x00, 0x04,
	0x24, 0x00, 0x00,
	0x44, 0x58, 0x00,
	0x44, 0x58, 0x00,
	0x44, 0x58, 0x00,
	0x44, 0x58, 0x00,
	0x4C, 0x5C, 0x00,
	0x4C, 0x5C, 0x00,
	0x4C, 0x5C, 0x00,
	0x00, 0x00, 0x0C,
	0x57, 0xF4, 0x00,
	0x00, 0x00, 0x01,
	0x20, 0x8E, 0x00,
	0x20, 0x00, 0x05,
	0x02, 0x90, 0x00,
	0x57, 0xF4, 0x00,
	0x00, 0x03, 0xE8,
	0x20, 0x00, 0x05,
	0x02, 0x70, 0x00,
	0x0A, 0x38, 0xA1,
	0x00, 0x0E, 0xFC,
	0x0A, 0x38, 0xA0,
	0x00, 0x0E, 0xF8,
	0x44, 0xF4, 0x00,
	0x00, 0x00, 0x30,
	0x0A, 0xF0, 0x80,
	0x00, 0x0F, 0x00,
	0x44, 0xF4, 0x00,
	0x00, 0x00, 0x2C,
	0x0A, 0xF0, 0x80,
	0x00, 0x0F, 0x00,
	0x44, 0xF4, 0x00,
	0x00, 0x00, 0x20,
	0x0A, 0xF0, 0x80,
	0x00, 0x0F, 0x00,
	0x21, 0xC5, 0x00,
	0x20, 0x00, 0xA0,
	0x20, 0x00, 0x22,
	0x21, 0x04, 0x00,
	0x44, 0x58, 0x00,
	0x20, 0x00, 0x13,
	0x50, 0xF4, 0x00,
	0x40, 0x00, 0x00,
	0x20, 0x00, 0x26,
	0x00, 0xFE, 0xB9,
	0x06, 0x18, 0xA0,
	0x01, 0x80, 0x40,
	0x20, 0x00, 0x32,
	0x20, 0x00, 0x32,
	0x50, 0x60, 0x00,
	0x00, 0x00, 0x0C,
	0x61, 0xF4, 0x00,
	0x00, 0x03, 0x79,
	0x4C, 0xDC, 0x00,
	0x4E, 0xDC, 0x13,
	0x50, 0xD8, 0x00,
	0x0C, 0xC4, 0x80,
	0x00, 0x00, 0x1D,
	0x65, 0xF4, 0x00,
	0x00, 0x03, 0x84,
	0x75, 0xD8, 0x00,
	0x0C, 0xC4, 0x81,
	0x00, 0x00, 0x09,
	0x47, 0xD0, 0x00,
	0x46, 0x58, 0x00,
	0x01, 0x40, 0x85,
	0x0D, 0x10, 0x4A,
	0x00, 0x00, 0x03,
	0x4F, 0x6D, 0x00,
	0x20, 0xDD, 0x00,
	0x0C, 0xC4, 0x82,
	0x00, 0x00, 0x0D,
	0x38, 0x03, 0x00,
	0x20, 0x4D, 0x00,
	0x5F, 0xE4, 0x00,
	0xC4, 0xB9, 0x00,
	0xC0, 0x91, 0x5C,
	0x46, 0x58, 0x00,
	0x21, 0xE6, 0x00,
	0x20, 0x00, 0xD8,
	0x20, 0xA8, 0x00,
	0x57, 0x40, 0x00,
	0x45, 0x58, 0x00,
	0x24, 0x00, 0x00,
	0x03, 0xFC, 0xA4,
	0x65, 0xF4, 0x00,
	0x00, 0x03, 0x84,
	0x75, 0xD8, 0x00,
	0x38, 0x03, 0x00,
	0x01, 0x40, 0x85,
	0x0A, 0xF0, 0xAA,
	0x00, 0x0F, 0x42,
	0x20, 0x4D, 0x00,
	0x00, 0x00, 0x0A,
	0xC0, 0xB8, 0x00,
	0x57, 0xC0, 0x00,
	0x50, 0x60, 0x58,
	0x01, 0x40, 0x85,
	0x02, 0xA0, 0x48,
	0x00, 0x00, 0x00,
	0x5F, 0x65, 0x00,
	0x00, 0x00, 0x0C,
	0x46, 0x90, 0x00,
	0x57, 0x91, 0x00,
	0x0C, 0x1E, 0x91,
	0x21, 0xE5, 0x00,
	0x44, 0x92, 0x00,
	0x57, 0xF4, 0x00,
	0x00, 0xF0, 0x00,
	0x20, 0x00, 0x6D,
	0x0A, 0xF0, 0xA2,
	0x00, 0x0F, 0x56,
	0x44, 0x70, 0x00,
	0x00, 0x03, 0xFB,
	0x20, 0x85, 0x00,
	0x0D, 0x0E, 0x84,
	0x61, 0xF0, 0x00,
	0x00, 0x02, 0x1E,
	0x0B, 0xE1, 0x80,
	0x0A, 0xF0, 0x80,
	0x00, 0xC7, 0x19,
	0x57, 0xF4, 0x00,
	0x00, 0xF1, 0x00,
	0x20, 0x00, 0x6D,
	0x0A, 0xF0, 0xA2,
	0x00, 0x0F, 0x69,
	0x20, 0xCE, 0x00,
	0x0C, 0x1E, 0x90,
	0x20, 0x00, 0x40,
	0x21, 0xC4, 0x00,
	0x44, 0x70, 0x00,
	0x00, 0x03, 0xFC,
	0x45, 0xF0, 0x00,
	0x00, 0x03, 0xFB,
	0x0D, 0x0E, 0x84,
	0x61, 0xF0, 0x00,
	0x00, 0x02, 0x1E,
	0x0B, 0xE1, 0x80,
	0x0A, 0xF0, 0x80,
	0x00, 0xC7, 0x19,
	0x57, 0xF4, 0x00,
	0x00, 0xF2, 0x00,
	0x20, 0x00, 0x6D,
	0x0A, 0xF0, 0xA2,
	0x00, 0x0F, 0x78,
	0x44, 0x70, 0x00,
	0x00, 0x03, 0xFD,
	0x45, 0xF0, 0x00,
	0x00, 0x03, 0xFB,
	0x0D, 0x0E, 0x84,
	0x61, 0xF0, 0x00,
	0x00, 0x02, 0x1E,
	0x0B, 0xE1, 0x80,
	0x0A, 0xF0, 0x80,
	0x00, 0xC7, 0x19,
	0x57, 0xF4, 0x00,
	0x00, 0xF3, 0x00,
	0x20, 0x00, 0x6D,
	0x0A, 0xF0, 0xA2,
	0x00, 0x0F, 0x81,
	0x0B, 0xF0, 0x80,
	0x00, 0x10, 0xEF,
	0x0A, 0xF0, 0x80,
	0x00, 0xC7, 0x19,
	0x57, 0xF4, 0x00,
	0x00, 0xF4, 0x00,
	0x20, 0x00, 0x6D,
	0x0A, 0xF0, 0xA2,
	0x00, 0x0F, 0x8E,
	0x0A, 0xC6, 0x00,
	0x00, 0x0F, 0x89,
	0x0D, 0x0D, 0xC6,
	0x60, 0xF4, 0x00,
	0x00, 0x03, 0x68,
	0x44, 0x60, 0x00,
	0x0A, 0xF0, 0x80,
	0x00, 0xC7, 0x19,
	0x57, 0xF4, 0x00,
	0x00, 0xD0, 0x00,
	0x20, 0x00, 0x6D,
	0x0A, 0xF0, 0xA2,
	0x00, 0x0F, 0xA3,
	0x20, 0xCE, 0x00,
	0x0C, 0x1E, 0x90,
	0x61, 0xF0, 0x40,
	0x00, 0x02, 0x46,
	0x21, 0xC4, 0x00,
	0x44, 0x70, 0x00,
	0x00, 0x02, 0xB2,
	0x0B, 0xE1, 0x80,
	0x45, 0xF0, 0x00,
	0x00, 0x03, 0xFB,
	0x0D, 0x0E, 0x84,
	0x61, 0xF0, 0x00,
	0x00, 0x02, 0x1E,
	0x0B, 0xE1, 0x80,
	0x0A, 0xF0, 0x80,
	0x00, 0xC7, 0x19,
	0x57, 0xF4, 0x00,
	0x00, 0xD1, 0x00,
	0x20, 0x00, 0x6D,
	0x0A, 0xF0, 0xA2,
	0x00, 0x0F, 0xB2,
	0x61, 0xF0, 0x00,
	0x00, 0x02, 0x1E,
	0x44, 0x70, 0x00,
	0x00, 0x02, 0xB3,
	0x45, 0xF0, 0x00,
	0x00, 0x03, 0xFB,
	0x0D, 0x0E, 0x84,
	0x0B, 0xE1, 0x80,
	0x0A, 0xF0, 0x80,
	0x00, 0xC7, 0x19,
	0x57, 0xF4, 0x00,
	0x00, 0xEA, 0x00,
	0x20, 0x00, 0x6D,
	0x0A, 0xF0, 0xA2,
	0x00, 0x0F, 0xD2,
	0x60, 0xF4, 0x00,
	0x00, 0x03, 0x96,
	0x5F, 0xE0, 0x00,
	0x20, 0x00, 0x4D,
	0x0D, 0x10, 0x4A,
	0x00, 0x00, 0x05,
	0x0A, 0x70, 0x61,
	0x00, 0x03, 0x95,
	0x4C, 0x60, 0x00,
	0x0A, 0x70, 0x62,
	0x00, 0x03, 0x95,
	0x20, 0x58, 0x00,
	0x61, 0xF4, 0x00,
	0x00, 0x10, 0xE4,
	0x61, 0x70, 0x00,
	0x00, 0x01, 0xFC,
	0x60, 0x70, 0x00,
	0x00, 0x00, 0x43,
	0x60, 0xF4, 0x00,
	0x00, 0x03, 0x95,
	0x60, 0x70, 0x00,
	0x00, 0x03, 0x7F,
	0x47, 0xF4, 0x00,
	0x0D, 0x52, 0xC9,
	0x47, 0x0D, 0x00,
	0x0A, 0xF0, 0x80,
	0x00, 0xC7, 0x19,
	0x57, 0xF4, 0x00,
	0x00, 0xEB, 0x00,
	0x20, 0x00, 0x6D,
	0x0A, 0xF0, 0xA2,
	0x00, 0x0F, 0xEB,
	0x0A, 0x70, 0x62,
	0x00, 0x03, 0x98,
	0x60, 0xF4, 0x00,
	0x00, 0x03, 0x99,
	0x20, 0x58, 0x00,
	0x61, 0xF4, 0x00,
	0x00, 0x10, 0xE4,
	0x61, 0x70, 0x00,
	0x00, 0x01, 0xFC,
	0x60, 0x70, 0x00,
	0x00, 0x00, 0x43,
	0x60, 0xF4, 0x00,
	0x00, 0x03, 0x98,
	0x60, 0x70, 0x00,
	0x00, 0x03, 0x7F,
	0x47, 0xF4, 0x00,
	0x0D, 0x52, 0xC9,
	0x47, 0x0D, 0x00,
	0x0A, 0xF0, 0x80,
	0x00, 0xC7, 0x19,
	0x57, 0xF4, 0x00,
	0x00, 0xEC, 0x00,
	0x20, 0x00, 0x6D,
	0x0A, 0xF0, 0xA2,
	0x00, 0x0F, 0xF7,
	0x20, 0xCE, 0x00,
	0x0C, 0x1E, 0x90,
	0x20, 0x00, 0x40,
	0x60, 0xF4, 0x00,
	0x00, 0x03, 0x79,
	0x21, 0xC4, 0x00,
	0x0D, 0x0E, 0xE7,
	0x57, 0xF4, 0x00,
	0x00, 0xA1, 0x00,
	0x20, 0x00, 0x6D,
	0x0A, 0xF0, 0xA2,
	0x00, 0x10, 0x0B,
	0x61, 0xF4, 0x00,
	0x00, 0x10, 0xCE,
	0x61, 0x70, 0x00,
	0x00, 0x01, 0xFC,
	0x44, 0x70, 0x00,
	0x00, 0x00, 0x41,
	0x60, 0xF4, 0x00,
	0x00, 0x03, 0x66,
	0x60, 0x70, 0x00,
	0x00, 0x00, 0x43,
	0x47, 0xF4, 0x00,
	0x0D, 0x52, 0xC9,
	0x47, 0x0D, 0x00,
	0x0A, 0xF0, 0x80,
	0x00, 0xC7, 0x19,
	0x57, 0xF4, 0x00,
	0x00, 0xA3, 0x00,
	0x20, 0x00, 0x6D,
	0x0A, 0xF0, 0xA2,
	0x00, 0x10, 0x1F,
	0x61, 0xF4, 0x00,
	0x00, 0x10, 0xCE,
	0x61, 0x70, 0x00,
	0x00, 0x01, 0xFC,
	0x44, 0x70, 0x00,
	0x00, 0x00, 0x41,
	0x60, 0xF4, 0x00,
	0x00, 0x02, 0x50,
	0x60, 0x70, 0x00,
	0x00, 0x00, 0x43,
	0x47, 0xF4, 0x00,
	0x0D, 0x52, 0xC9,
	0x47, 0x0D, 0x00,
	0x0A, 0xF0, 0x80,
	0x00, 0xC7, 0x19,
	0x57, 0xF4, 0x00,
	0x00, 0xA4, 0x00,
	0x20, 0x00, 0x6D,
	0x0A, 0xF0, 0xA2,
	0x00, 0x10, 0x33,
	0x61, 0xF4, 0x00,
	0x00, 0x10, 0xCE,
	0x61, 0x70, 0x00,
	0x00, 0x01, 0xFC,
	0x44, 0x70, 0x00,
	0x00, 0x00, 0x41,
	0x60, 0xF4, 0x00,
	0x00, 0x03, 0x71,
	0x60, 0x70, 0x00,
	0x00, 0x00, 0x43,
	0x47, 0xF4, 0x00,
	0x0D, 0x52, 0xC9,
	0x47, 0x0D, 0x00,
	0x0A, 0xF0, 0x80,
	0x00, 0xC7, 0x19,
	0x57, 0xF4, 0x00,
	0x00, 0xA7, 0x00,
	0x20, 0x00, 0x6D,
	0x0A, 0xF0, 0xA2,
	0x00, 0x10, 0x49,
	0x61, 0xF4, 0x00,
	0x00, 0x10, 0xC2,
	0x20, 0xCE, 0x00,
	0x61, 0x70, 0x00,
	0x00, 0x01, 0xFC,
	0x0C, 0x1E, 0x90,
	0x47, 0xF4, 0x40,
	0x00, 0x00, 0x01,
	0x47, 0x70, 0x00,
	0x00, 0x00, 0x41,
	0x54, 0x70, 0x00,
	0x00, 0x00, 0x43,
	0x47, 0xF4, 0x00,
	0x0D, 0x52, 0xC9,
	0x47, 0x0D, 0x00,
	0x0A, 0xF0, 0x80,
	0x00, 0xC7, 0x19,
	0x57, 0xF4, 0x00,
	0x00, 0xA8, 0x00,
	0x20, 0x00, 0x6D,
	0x0A, 0xF0, 0xA2,
	0x00, 0x10, 0x5F,
	0x61, 0xF4, 0x00,
	0x00, 0x10, 0xCE,
	0x20, 0xCE, 0x00,
	0x61, 0x70, 0x00,
	0x00, 0x01, 0xFC,
	0x0C, 0x1E, 0x90,
	0x47, 0xF4, 0x40,
	0x00, 0x00, 0x01,
	0x47, 0x70, 0x00,
	0x00, 0x00, 0x41,
	0x56, 0x70, 0x00,
	0x00, 0x00, 0x43,
	0x47, 0xF4, 0x00,
	0x0D, 0x52, 0xC9,
	0x47, 0x0D, 0x00,
	0x0A, 0xF0, 0x80,
	0x00, 0xC7, 0x19,
	0x57, 0xF4, 0x00,
	0x00, 0xAB, 0x00,
	0x20, 0x00, 0x6D,
	0x0A, 0xF0, 0xA2,
	0x00, 0x10, 0x77,
	0x61, 0xF4, 0x00,
	0x00, 0x10, 0xC2,
	0x20, 0xCE, 0x00,
	0x61, 0x70, 0x00,
	0x00, 0x01, 0xFC,
	0x0C, 0x1E, 0x90,
	0x46, 0xF4, 0x40,
	0xFF, 0x00, 0x00,
	0x47, 0xF4, 0x52,
	0x00, 0x00, 0x01,
	0x47, 0x70, 0x00,
	0x00, 0x00, 0x41,
	0x54, 0x70, 0x00,
	0x00, 0x00, 0x43,
	0x47, 0xF4, 0x00,
	0x0D, 0x52, 0xC9,
	0x47, 0x0D, 0x00,
	0x0A, 0xF0, 0x80,
	0x00, 0xC7, 0x19,
	0x57, 0xF4, 0x00,
	0x00, 0xAD, 0x00,
	0x20, 0x00, 0x6D,
	0x0A, 0xF0, 0xA2,
	0x00, 0x10, 0x8F,
	0x61, 0xF4, 0x00,
	0x00, 0x10, 0xCE,
	0x20, 0xCE, 0x00,
	0x61, 0x70, 0x00,
	0x00, 0x01, 0xFC,
	0x0C, 0x1E, 0x90,
	0x46, 0xF4, 0x40,
	0xFF, 0x00, 0x00,
	0x47, 0xF4, 0x52,
	0x00, 0x00, 0x01,
	0x47, 0x70, 0x00,
	0x00, 0x00, 0x41,
	0x54, 0x70, 0x00,
	0x00, 0x00, 0x43,
	0x47, 0xF4, 0x00,
	0x0D, 0x52, 0xC9,
	0x47, 0x0D, 0x00,
	0x0A, 0xF0, 0x80,
	0x00, 0xC7, 0x19,
	0x57, 0xF4, 0x00,
	0x00, 0xCF, 0x00,
	0x20, 0x00, 0x6D,
	0x0A, 0xF0, 0xA2,
	0x00, 0x10, 0x9B,
	0x20, 0xCE, 0x00,
	0x0C, 0x1E, 0x90,
	0x20, 0x00, 0x42,
	0x0B, 0xF0, 0x80,
	0x00, 0x11, 0x1C,
	0x0A, 0xF0, 0x80,
	0x00, 0xC7, 0x19,
	0x57, 0xF4, 0x00,
	0x00, 0xF5, 0x00,
	0x20, 0x00, 0x6D,
	0x0A, 0xF0, 0xA2,
	0x00, 0x10, 0xA8,
	0x56, 0x94, 0x00,
	0x0C, 0x1E, 0xD4,
	0x20, 0x00, 0x43,
	0x0A, 0xCC, 0x00,
	0x00, 0xC7, 0x19,
	0x0B, 0x14, 0x0A,
	0x0A, 0xF0, 0x80,
	0x00, 0x11, 0x13,
	0x0A, 0xF0, 0x80,
	0x00, 0xC3, 0xC5,
	0x05, 0xF4, 0x20,
	0xFF, 0xFF, 0xFF,
	0x60, 0xF0, 0x00,
	0x00, 0x00, 0x42,
	0x56, 0x8F, 0x00,
	0x47, 0xF4, 0x00,
	0x00, 0x00, 0x01,
	0x57, 0xF0, 0x00,
	0x00, 0x00, 0x40,
	0x07, 0x58, 0x8C,
	0x60, 0x70, 0x7C,
	0x00, 0x00, 0x42,
	0x0A, 0xF0, 0xA2,
	0x00, 0x10, 0xBF,
	0x61, 0xF4, 0x00,
	0x00, 0x0F, 0x43,
	0x61, 0x70, 0x00,
	0x00, 0x01, 0xFC,
	0x47, 0xF4, 0x00,
	0x00, 0x00, 0x00,
	0x47, 0x0D, 0x00,
	0x57, 0x70, 0x00,
	0x00, 0x00, 0x40,
	0x00, 0x00, 0x0C,
	0x05, 0xF4, 0x20,
	0xFF, 0xFF, 0xFF,
	0x47, 0xF4, 0x00,
	0x00, 0x00, 0x01,
	0x45, 0x8F, 0x00,
	0x60, 0xF0, 0x00,
	0x00, 0x00, 0x43,
	0x57, 0xF0, 0x00,
	0x00, 0x00, 0x41,
	0x45, 0x58, 0x00,
	0x0A, 0xF0, 0x80,
	0x00, 0x10, 0xD6,
	0x47, 0xF4, 0x00,
	0x00, 0x00, 0x01,
	0x45, 0x8F, 0x00,
	0x60, 0xF0, 0x00,
	0x00, 0x00, 0x43,
	0x57, 0xF0, 0x00,
	0x00, 0x00, 0x41,
	0x4D, 0x58, 0x00,
	0x60, 0x70, 0x7C,
	0x00, 0x00, 0x43,
	0x0A, 0xF0, 0xA2,
	0x00, 0x10, 0xE1,
	0x61, 0xF4, 0x00,
	0x00, 0x0F, 0x43,
	0x61, 0x70, 0x00,
	0x00, 0x01, 0xFC,
	0x47, 0xF4, 0x00,
	0x00, 0x00, 0x00,
	0x47, 0x0D, 0x00,
	0x57, 0x70, 0x00,
	0x00, 0x00, 0x41,
	0x00, 0x00, 0x0C,
	0x47, 0xF4, 0x00,
	0x00, 0x00, 0x01,
	0x47, 0x70, 0x00,
	0x00, 0x00, 0x41,
	0x61, 0xF4, 0x00,
	0x00, 0x10, 0xCE,
	0x0B, 0xE1, 0x80,
	0x60, 0xF0, 0x00,
	0x00, 0x03, 0x7F,
	0x0A, 0x60, 0x60,
	0x00, 0x00, 0x0C,
	0x0A, 0x70, 0x60,
	0x00, 0x03, 0x9C,
	0x0A, 0x70, 0x62,
	0x00, 0x03, 0x9C,
	0x60, 0xF4, 0x00,
	0x00, 0x03, 0x9D,
	0x20, 0x58, 0x00,
	0x46, 0xF4, 0x00,
	0x7F, 0xFF, 0xFF,
	0x0A, 0xC4, 0x00,
	0x00, 0x10, 0xFC,
	0x46, 0xF4, 0x00,
	0x2D, 0x6A, 0x86,
	0x4E, 0x60, 0x00,
	0x00, 0x00, 0x0C,
	0x44, 0xF0, 0x00,
	0x00, 0x01, 0xA9,
	0x45, 0xF0, 0x00,
	0x00, 0x01, 0xAA,
	0x45, 0x70, 0x00,
	0x00, 0x01, 0xA9,
	0x44, 0x70, 0x00,
	0x00, 0x01, 0xAA,
	0x44, 0xF0, 0x00,
	0x00, 0x01, 0xAB,
	0x45, 0xF0, 0x00,
	0x00, 0x01, 0xAC,
	0x45, 0x70, 0x00,
	0x00, 0x01, 0xAB,
	0x44, 0x70, 0x00,
	0x00, 0x01, 0xAC,
	0x00, 0x00, 0x0C,
	0x0B, 0xF0, 0x80,
	0x00, 0xC9, 0x95,
	0x0C, 0x94, 0x8A,
	0x00, 0x00, 0x0A,
	0x4E, 0xF0, 0x00,
	0x00, 0x03, 0x82,
	0x4F, 0xF0, 0x00,
	0x00, 0x03, 0x83,
	0x4F, 0x70, 0x00,
	0x00, 0x03, 0x82,
	0x4E, 0x70, 0x00,
	0x00, 0x03, 0x83,
	0x00, 0x00, 0x0C,
	0x0A, 0xCC, 0x02,
	0x00, 0x11, 0x1F,
	0x0A, 0xCC, 0x63,
	0x54, 0x70, 0x00,
	0x00, 0x00, 0x46,
	0x00, 0x00, 0x0C,
	0x02, 0xA7, 0xE0,  // Generic Write (X)
	0x00, 0x00, 0x00,
	0x02, 0xA7, 0xE1,  // Generic Write (X)
	0x00, 0x00, 0x00,
	0x02, 0xA7, 0xE2,  // Generic Write (X)
	0x02, 0x55, 0x96,
	0x02, 0xA7, 0xE3,  // Generic Write (X)
	0x02, 0x79, 0x1F,
	0x02, 0xA7, 0xE4,  // Generic Write (X)
	0x02, 0x9E, 0xC5,
	0x02, 0xA7, 0xE5,  // Generic Write (X)
	0x02, 0xC6, 0xA8,
	0x02, 0xA7, 0xE6,  // Generic Write (X)
	0x02, 0xF0, 0xEA,
	0x02, 0xA7, 0xE7,  // Generic Write (X)
	0x03, 0x1D, 0xAF,
	0x02, 0xA7, 0xE8,  // Generic Write (X)
	0x03, 0x4D, 0x1E,
	0x02, 0xA7, 0xE9,  // Generic Write (X)
	0x03, 0x7F, 0x5F,
	0x02, 0xA7, 0xEA,  // Generic Write (X)
	0x03, 0xB4, 0x9D,
	0x02, 0xA7, 0xEB,  // Generic Write (X)
	0x03, 0xED, 0x05,
	0x02, 0xA7, 0xEC,  // Generic Write (X)
	0x04, 0x28, 0xC8,
	0x02, 0xA7, 0xED,  // Generic Write (X)
	0x04, 0x68, 0x19,
	0x02, 0xA7, 0xEE,  // Generic Write (X)
	0x04, 0xAB, 0x2D,
	0x02, 0xA7, 0xEF,  // Generic Write (X)
	0x04, 0xF2, 0x3F,
	0x02, 0xA7, 0xF0,  // Generic Write (X)
	0x05, 0x3D, 0x8A,
	0x02, 0xA7, 0xF1,  // Generic Write (X)
	0x05, 0x8D, 0x50,
	0x02, 0xA7, 0xF2,  // Generic Write (X)
	0x05, 0xE1, 0xD4,
	0x02, 0xA7, 0xF3,  // Generic Write (X)
	0x06, 0x3B, 0x5F,
	0x02, 0xA7, 0xF4,  // Generic Write (X)
	0x06, 0x9A, 0x3D,
	0x02, 0xA7, 0xF5,  // Generic Write (X)
	0x06, 0xFE, 0xBF,
	0x02, 0xA7, 0xF6,  // Generic Write (X)
	0x07, 0x69, 0x3B,
	0x02, 0xA7, 0xF7,  // Generic Write (X)
	0x07, 0xDA, 0x0C,
	0x02, 0xA7, 0xF8,  // Generic Write (X)
	0x08, 0x51, 0x92,
	0x02, 0xA7, 0xF9,  // Generic Write (X)
	0x08, 0xD0, 0x34,
	0x02, 0xA7, 0xFA,  // Generic Write (X)
	0x09, 0x56, 0x5D,
	0x02, 0xA7, 0xFB,  // Generic Write (X)
	0x09, 0xE4, 0x81,
	0x02, 0xA7, 0xFC,  // Generic Write (X)
	0x0A, 0x7B, 0x19,
	0x02, 0xA7, 0xFD,  // Generic Write (X)
	0x0B, 0x1A, 0xA6,
	0x02, 0xA7, 0xFE,  // Generic Write (X)
	0x0B, 0xC3, 0xAF,
	0x02, 0xA7, 0xFF,  // Generic Write (X)
	0x0C, 0x76, 0xC5,
	0x03, 0xA7, 0x00,  // Generic Write (X)
	0x0D, 0x34, 0x82,
	0x03, 0xA7, 0x01,  // Generic Write (X)
	0x0D, 0xFD, 0x88,
	0x03, 0xA7, 0x02,  // Generic Write (X)
	0x0E, 0xD2, 0x82,
	0x03, 0xA7, 0x03,  // Generic Write (X)
	0x0F, 0xB4, 0x26,
	0x03, 0xA7, 0x04,  // Generic Write (X)
	0x10, 0xA3, 0x36,
	0x03, 0xA7, 0x05,  // Generic Write (X)
	0x11, 0xA0, 0x7D,
	0x03, 0xA7, 0x06,  // Generic Write (X)
	0x12, 0xAC, 0xD4,
	0x03, 0xA7, 0x07,  // Generic Write (X)
	0x13, 0xC9, 0x21,
	0x03, 0xA7, 0x08,  // Generic Write (X)
	0x14, 0xF6, 0x56,
	0x03, 0xA7, 0x09,  // Generic Write (X)
	0x16, 0x35, 0x76,
	0x03, 0xA7, 0x0A,  // Generic Write (X)
	0x17, 0x87, 0x91,
	0x03, 0xA7, 0x0B,  // Generic Write (X)
	0x18, 0xED, 0xC8,
	0x03, 0xA7, 0x0C,  // Generic Write (X)
	0x1A, 0x69, 0x4D,
	0x03, 0xA7, 0x0D,  // Generic Write (X)
	0x1B, 0xFB, 0x66,
	0x03, 0xA7, 0x0E,  // Generic Write (X)
	0x1D, 0xA5, 0x6A,
	0x03, 0xA7, 0x0F,  // Generic Write (X)
	0x1F, 0x68, 0xC5,
	0x03, 0xA7, 0x10,  // Generic Write (X)
	0x21, 0x46, 0xFB,
	0x03, 0xA7, 0x11,  // Generic Write (X)
	0x23, 0x41, 0xA5,
	0x03, 0xA7, 0x12,  // Generic Write (X)
	0x25, 0x5A, 0x74,
	0x03, 0xA7, 0x13,  // Generic Write (X)
	0x27, 0x93, 0x34,
	0x03, 0xA7, 0x14,  // Generic Write (X)
	0x29, 0xED, 0xCD,
	0x03, 0xA7, 0x15,  // Generic Write (X)
	0x2C, 0x6C, 0x42,
	0x03, 0xA7, 0x16,  // Generic Write (X)
	0x2F, 0x10, 0xB8,
	0x03, 0xA7, 0x17,  // Generic Write (X)
	0x31, 0xDD, 0x73,
	0x03, 0xA7, 0x18,  // Generic Write (X)
	0x34, 0xD4, 0xDA,
	0x03, 0xA7, 0x19,  // Generic Write (X)
	0x37, 0xF9, 0x78,
	0x03, 0xA7, 0x1A,  // Generic Write (X)
	0x3B, 0x4E, 0x02,
	0x03, 0xA7, 0x1B,  // Generic Write (X)
	0x3E, 0xD5, 0x54,
	0x03, 0xA7, 0x1C,  // Generic Write (X)
	0x01, 0x0A, 0x4A,
	0x03, 0xA7, 0x1D,  // Generic Write (X)
	0x01, 0x1A, 0x23,
	0x03, 0xA7, 0x1E,  // Generic Write (X)
	0x01, 0x2A, 0xED,
	0x03, 0xA7, 0x1F,  // Generic Write (X)
	0x01, 0x3C, 0xB8,
	0x03, 0xA7, 0x20,  // Generic Write (X)
	0x01, 0x4F, 0x92,
	0x03, 0xA7, 0x21,  // Generic Write (X)
	0x01, 0x63, 0x8D,
	0x03, 0xA7, 0x22,  // Generic Write (X)
	0x01, 0x78, 0xB9,
	0x03, 0xA7, 0x23,  // Generic Write (X)
	0x01, 0x8F, 0x28,
	0x03, 0xA7, 0x24,  // Generic Write (X)
	0x01, 0xA6, 0xEF,
	0x03, 0xA7, 0x25,  // Generic Write (X)
	0x01, 0xC0, 0x21,
	0x03, 0xA7, 0x26,  // Generic Write (X)
	0x01, 0xDA, 0xD6,
	0x03, 0xA7, 0x27,  // Generic Write (X)
	0x01, 0xF7, 0x24,
	0x03, 0xA7, 0x28,  // Generic Write (X)
	0x02, 0x15, 0x24,
	0x03, 0xA7, 0x29,  // Generic Write (X)
	0x02, 0x34, 0xF1,
	0x03, 0xA7, 0x2A,  // Generic Write (X)
	0x02, 0x56, 0xA6,
	0x03, 0xA7, 0x2B,  // Generic Write (X)
	0x02, 0x7A, 0x63,
	0x03, 0xA7, 0x2C,  // Generic Write (X)
	0x02, 0xA0, 0x46,
	0x03, 0xA7, 0x2D,  // Generic Write (X)
	0x02, 0xC8, 0x71,
	0x03, 0xA7, 0x2E,  // Generic Write (X)
	0x02, 0xF3, 0x0A,
	0x03, 0xA7, 0x2F,  // Generic Write (X)
	0x03, 0x20, 0x37,
	0x03, 0xA7, 0x30,  // Generic Write (X)
	0x03, 0x50, 0x20,
	0x03, 0xA7, 0x31,  // Generic Write (X)
	0x03, 0x82, 0xF4,
	0x03, 0xA7, 0x32,  // Generic Write (X)
	0x03, 0xB8, 0xE0,
	0x03, 0xA7, 0x33,  // Generic Write (X)
	0x03, 0xF2, 0x17,
	0x03, 0xA7, 0x34,  // Generic Write (X)
	0x04, 0x2E, 0xD1,
	0x03, 0xA7, 0x35,  // Generic Write (X)
	0x04, 0x6F, 0x48,
	0x03, 0xA7, 0x36,  // Generic Write (X)
	0x04, 0xB3, 0xBA,
	0x03, 0xA7, 0x37,  // Generic Write (X)
	0x04, 0xFC, 0x6D,
	0x03, 0xA7, 0x38,  // Generic Write (X)
	0x05, 0x49, 0xA9,
	0x03, 0xA7, 0x39,  // Generic Write (X)
	0x05, 0x9B, 0xBF,
	0x03, 0xA7, 0x3A,  // Generic Write (X)
	0x05, 0xF3, 0x04,
	0x03, 0xA7, 0x3B,  // Generic Write (X)
	0x06, 0x4F, 0xD8,
	0x03, 0xA7, 0x3C,  // Generic Write (X)
	0x06, 0xB2, 0xA2,
	0x03, 0xA7, 0x3D,  // Generic Write (X)
	0x07, 0x1B, 0xD1,
	0x03, 0xA7, 0x3E,  // Generic Write (X)
	0x07, 0x8B, 0xE2,
	0x03, 0xA7, 0x3F,  // Generic Write (X)
	0x08, 0x03, 0x5E,
	0x03, 0xA7, 0x40,  // Generic Write (X)
	0x08, 0x82, 0xDC,
	0x03, 0xA7, 0x41,  // Generic Write (X)
	0x09, 0x0B, 0x05,
	0x03, 0xA7, 0x42,  // Generic Write (X)
	0x09, 0x9C, 0x95,
	0x03, 0xA7, 0x43,  // Generic Write (X)
	0x0A, 0x38, 0x5E,
	0x03, 0xA7, 0x44,  // Generic Write (X)
	0x0A, 0xDF, 0x51,
	0x03, 0xA7, 0x45,  // Generic Write (X)
	0x0B, 0x92, 0x7D,
	0x03, 0xA7, 0x46,  // Generic Write (X)
	0x0C, 0x53, 0x17,
	0x03, 0xA7, 0x47,  // Generic Write (X)
	0x0D, 0x22, 0x84,
	0x03, 0xA7, 0x48,  // Generic Write (X)
	0x0E, 0x02, 0x61,
	0x03, 0xA7, 0x49,  // Generic Write (X)
	0x0E, 0xF4, 0x91,
	0x03, 0xA7, 0x4A,  // Generic Write (X)
	0x0F, 0xFB, 0x4D,
	0x03, 0xA7, 0x4B,  // Generic Write (X)
	0x11, 0x19, 0x37,
	0x03, 0xA7, 0x4C,  // Generic Write (X)
	0x12, 0x51, 0x77,
	0x03, 0xA7, 0x4D,  // Generic Write (X)
	0x13, 0xA7, 0xE3,
	0x03, 0xA7, 0x4E,  // Generic Write (X)
	0x15, 0x21, 0x2B,
	0x03, 0xA7, 0x4F,  // Generic Write (X)
	0x16, 0xC3, 0x21,
	0x03, 0xA7, 0x50,  // Generic Write (X)
	0x18, 0x95, 0x18,
	0x03, 0xA7, 0x51,  // Generic Write (X)
	0x1A, 0xA0, 0x69,
	0x03, 0xA7, 0x52,  // Generic Write (X)
	0x1C, 0xF1, 0x39,
	0x03, 0xA7, 0x53,  // Generic Write (X)
	0x1F, 0x97, 0xA2,
	0x03, 0xA7, 0x54,  // Generic Write (X)
	0x22, 0xA9, 0x72,
	0x03, 0xA7, 0x55,  // Generic Write (X)
	0x26, 0x45, 0x00,
	0x03, 0xA7, 0x56,  // Generic Write (X)
	0x2A, 0x95, 0xCE,
	0x03, 0xA7, 0x57,  // Generic Write (X)
	0x2F, 0xDC, 0xA1,
	0x03, 0xA7, 0x58,  // Generic Write (X)
	0x36, 0x7E, 0x5D,
	0x03, 0xA7, 0x59,  // Generic Write (X)
	0x3F, 0x21, 0x66,
	0x03, 0xA7, 0x5A,  // Generic Write (X)
	0x4A, 0xED, 0x42,
	0x03, 0xA7, 0x5B,  // Generic Write (X)
	0x5C, 0x26, 0x73,
	0x03, 0xA7, 0x5C,  // Generic Write (X)
	0x77, 0xF3, 0xD5,
	0x03, 0xA7, 0x5D,  // Generic Write (X)
	0x77, 0xF3, 0xD5,
	0x03, 0xA7, 0x5E,  // Generic Write (X)
	0x77, 0xF3, 0xD5,
	0x03, 0xA7, 0x5F,  // Generic Write (X)
	0x77, 0xF3, 0xD5,
	0x03, 0xA7, 0x60,  // Generic Write (X)
	0x77, 0xF3, 0xD5,
	0x03, 0xA7, 0x61,  // Generic Write (X)
	0x77, 0xF3, 0xD5,
	0x03, 0xA7, 0x62,  // Generic Write (X)
	0x77, 0xF3, 0xD5,
	0x03, 0xA7, 0x63,  // Generic Write (X)
	0x77, 0xF3, 0xD5,
	0x03, 0xA7, 0x64,  // Generic Write (X)
	0x77, 0xF3, 0xD5,
	0x03, 0xA7, 0x65,  // Generic Write (X)
	0x77, 0xF3, 0xD5,
	0x03, 0xA7, 0x66,  // Generic Write (X)
	0x77, 0xF3, 0xD5,
	0x03, 0xA7, 0x67,  // Generic Write (X)
	0x77, 0xF3, 0xD5,
	0x00, 0xAC, 0x00,  // Setup Completed (end initialization state and start audio processing state)
	0x00, 0xF0, 0x00,  // Disable MaxxVolume to MaxxBass Correlation
	0x01, 0xF1, 0xD6,  // Correlation Threshold
	0x00, 0xF2, 0x01,  // Correlation Ratio
	0x00, 0xF3, 0x00,  // Disable Midnight Mode
	0x00, 0xF4, 0x01,  // Sub EQ - Active, No Reset
	0x00, 0xAC, 0x00,  // Setup Completed (end initialization state and start audio processing state)
};
#endif
#if 1
static unsigned char MaxxAudio_Cmd_FULL_Init[] =
{
	0x00, 0xA5, 0x00,  // Setup Start (start initialization state)
	//0x00, 0xC3, 0x01,  // Set Sample Rate : 44.1KHz
	0x00, 0xC3, 0x00,  // Set Sample Rate : 48KHz
	0x00, 0xA4, 0x11,  // Load Mixer Gains - Start
	0x0F, 0xBF, 0x58,  // M1 - SDI0 to Processing path (-0.20 dB)
	0x00, 0x00, 0x00,  // M2 - SDI1 to Processing path (-inf)
	0x00, 0x00, 0x00,  // M3 - SDI2 to Processing path (-inf)
	0x10, 0x1D, 0x3F,  // M4 - SDI3 to Processing path (ADC) (-0.00 dB)
	0x00, 0x00, 0x00,  // M5 - SDI0 to UnProcessing path (-inf)
	0x00, 0x00, 0x00,  // M6 - SDI1 to UnProcessing path (-inf)
	0x00, 0x00, 0x00,  // M7 - SDI2 to UnProcessing path (-inf)
	0x00, 0x00, 0x00,  // M8 - SDI3 to UnProcessing path (ADC) (-inf)
	0x7F, 0xFF, 0xFF,  // M9 - SDO0 from Processed path (0.00 dB)
	0x00, 0x00, 0x00,  // M10- SDO1 from Processed path (-inf)
	0x7F, 0xFF, 0xFF,  // M11- SDO3 from Processed path (DAC1/AMP) (0.00 dB)
	0x00, 0x00, 0x00,  // M12- SDO0 from UnProcessed path (-inf)
	0x00, 0x00, 0x00,  // M13- SDO1 from UnProcessed path (-inf)
	0x00, 0x00, 0x00,  // M14- SDO3 from UnProcessed path (DAC1/AMP) (-inf)
	0x00, 0x00, 0x00,  // M15- SDO2 from Subwoofer path (DAC2/AMP) (-inf)
	0x00, 0x00, 0x00,  // M16- SDO2 from UnProcessed path (DAC2) (-inf)
	0x7F, 0xFF, 0xFF,  // M17- SDO2 from Processed path (DAC2) (0.00 dB)
	0x00, 0xC8, 0x00,  // Load Mixer Gains - End
	0x00, 0xA7, 0x3E,  // Set SSI Control (!!! Verify update POP file (patch) is loaded !!!)
	0x00, 0xBF, 0xD5,  // ==> Master mode, I2S, 24bit, 64 x DCLK,.
	// # PLL and Clocks Configuration (verify 250usec delay between PLL commands)
	0xFF, 0xAB, 0xFB,  // Set Clock Control Settings
	0x24, 0x10, 0x09,  // ==>  REF=Crystal,  CLKOUT=REF/10,  DSP=REF/1,  CODEC=REF/10,
	// add 250usec delay
	0xFF, 0xAB, 0xFA,  // Set PLL Settings
	0x08, 0x00, 0x09,  // ==>  PLL is RESET.
	// add 250usec delay
	0xFF, 0xAB, 0xFA,  // Set PLL Settings
	0x00, 0x00, 0x09,  // ==>  PLL = (REF * 10) / (1 * 1).
	// add 250usec delay
	0xFF, 0xAB, 0xFB,  // Set Clock Control Settings
	0xA4, 0x18, 0x29,  // ==>  REF=Crystal,  CLKOUT=PLL/10,  DSP=PLL/1,  CODEC=PLL/10,
	// add 250usec delay
	0xFF, 0xAD, 0x84,  // Set CODEC Interface Control
	//0x00, 0x00, 0x17,  // ==>  44.1KHz,  I2S.
	0x00, 0x00, 0x18,  // ==>  44.1KHz,  I2S.
	0xFF, 0xAD, 0x85,  // Set CODEC Power Control
	0x00, 0x1F, 0xFF,  // ==>  DAC1R power-up,  DAC1L power-up,  DAC2R power-up,  DAC2L power-up,  ADCR power-up,  ADCL power-up,
	0xFF, 0xAD, 0x81,  // Set ADC Programmable Gain Amp (PGA) Control
	0x00, 0x12, 0x12,  // ==>  L-CH: 0.0 dB,  R-CH: 0.0 dB,
	0xFF, 0xAD, 0x82,  // Set ADC Volume Control
	0x00, 0x14, 0x14,  // ==>  L-CH: 0.0 dB,  R-CH: 0.0 dB,
	0xFF, 0xAD, 0x83,  // Set ADC Input Control
	0x00, 0x00, 0x88,  // ==>  Stereo,  LIN1(30K),  RIN1(30K).
	0xFF, 0xAD, 0x80,  // Set DAC1 Volume Control
	0x00, 0x54, 0x54,  // ==>  L-CH: 0.0 dB,  R-CH: 0.0 dB,
	0xFF, 0xAD, 0x87,  // Set DAC2 Volume Control
	0x00, 0x54, 0x54,  // ==>  L-CH: 0.0 dB,  R-CH: 0.0 dB,
	0xFF, 0xAD, 0x86,  // CODEC Latch
	0x00, 0x00, 0x00,
	0xFF, 0xAD, 0x86,  // CODEC Latch
	0x00, 0x00, 0x01,
	0xFF, 0xAD, 0x86,  // CODEC Latch
	0x00, 0x00, 0x00,
	0x00, 0xF4, 0x00,  // Sub EQ - Bypass, No Reset
	0x03, 0xA8, 0xE0,  // Generic Write (Y)
	0x00, 0x00, 0x01,
	0x03, 0xA8, 0xE1,  // Generic Write (Y)
	0x00, 0x00, 0x01,
	0x03, 0xA8, 0xE2,  // Generic Write (Y)
	0x00, 0x00, 0x00,
	0x03, 0xA8, 0xE3,  // Generic Write (Y)
	0x40, 0x00, 0x00,
	0x03, 0xA8, 0xE4,  // Generic Write (Y)
	0x00, 0x00, 0x00,
	0x03, 0xA8, 0xE5,  // Generic Write (Y)
	0x00, 0x00, 0x00,
	0x03, 0xA8, 0xE6,  // Generic Write (Y)
	0x00, 0x00, 0x00,
	0x01, 0xF4, 0x01,  // Sub EQ - Active, Reset
	0x00, 0xF4, 0x00,  // Sub EQ - Bypass, No Reset
	0x03, 0xA8, 0xE0,  // Generic Write (Y)
	0x00, 0x00, 0x01,
	0x03, 0xA8, 0xE1,  // Generic Write (Y)
	0x00, 0x00, 0x01,
	0x03, 0xA8, 0xE7,  // Generic Write (Y)
	0x00, 0x00, 0x00,
	0x03, 0xA8, 0xE8,  // Generic Write (Y)
	0x40, 0x00, 0x00,
	0x03, 0xA8, 0xE9,  // Generic Write (Y)
	0x00, 0x00, 0x00,
	0x03, 0xA8, 0xEA,  // Generic Write (Y)
	0x00, 0x00, 0x00,
	0x03, 0xA8, 0xEB,  // Generic Write (Y)
	0x00, 0x00, 0x00,
	0x01, 0xF4, 0x01,  // Sub EQ - Active, Reset
	//# I/O Configuration
	0xFF, 0xAB, 0xF2,  // Set GPIO Pull-Up
	0xFF, 0xFF, 0xFF,
	0xFF, 0xAB, 0xDB,  // Set GPIO Output Enable
	0x00, 0x00, 0x00,
	0xFF, 0xAB, 0xDC,  // Set GPIO Output Value
	0x00, 0x00, 0x00,
	0xFF, 0xAB, 0xF3,  // Set GPIO Selection 2
	0x00, 0x00, 0xD0,  // ==>  SDI0 (NPCA110B only),  [GPO07/SDO1],  Crystal: ON,  [SDO2/GPO18] -> GPO18,
	0xFF, 0xAB, 0xDA,  // Set GPIO Selection 1
	0x00, 0x3F, 0x67,  // ==>  SDO3,  SDO2,  GPO07,  SDO0,  SDI3,  GPIO04,  GPIO03,  SDI0,  SYNC,  DCLK,
};

static unsigned char MaxxAudio_Cmd_FULL_Alg[] =
{
	//#  Start Algorithm Configuration
	0x00, 0xC2, 0x00,  // Set Speaker Type (Also disable Bypass) : 2.0 Mode
	0x00, 0xC9, 0x78,  // Set Balance  L-CH: 0dB,  R-CH: 0dB.
	0x00, 0xDF, 0x1E,  // Set Leveler Target : -6.00 dB
	0x00, 0xDB, 0x78,  // Set Leveler Range : -24.00 dB
	0x00, 0xDB, 0x78,  // Set Leveler Range : -24.00 dB
	0x00, 0xC7, 0x00,  // Set Soft Mute : Un-Mute (NOTE: Add soft-mute fade time delay)
	0x00, 0xE0, 0x0A,  // Set Soft-Mute Fade Time : 10 msec
	0x00, 0xD5, 0x30,  // Set MaxxBass Cutoff Freq : 20.0 Hz
	0x00, 0xCF, 0x01,  // Set Bypass Algorithm. Bypass is enabled for : High Pass Filter,
	0x00, 0xE1, 0x70,  // Set MaxxBass Noise Gate Threshold : -100 dB
	0x00, 0xCB, 0x00,  // Set Original Bass : Disable adding original bass
	0x00, 0xE2, 0x2F,  // Set MaxxBass Noise Gate Gap : -47 dB
	0x00, 0xD9, 0x7F,  // Set MaxxTreble Freq : 19903.1 Hz
	0x00, 0xE5, 0x2F,  // Set MaxxTreble Noise Gate Gap : -47 dB
	0x00, 0xE4, 0x70,  // Set MaxxTreble Noise Gate Threshold : -100 dB
	0x00, 0xD7, 0x30,  // Set SubCrossover : 20.0 Hz
	0x01, 0xD0, 0x90,  // Set MaxxVolume Gain : 0.00 dB
	0x00, 0xC6, 0x01,  // Set Leveler : OFF
	0x00, 0xDD, 0x01,  // Set MaxxVolume Type : Hard-Knee
	0x00, 0xD4, 0x00,  // Set MaxxVolume Dynamic Range : -80 dB
	0x00, 0xDA, 0x00,  // Set MaxxVolume Low Gain : 0.00 dB
	0x00, 0xDC, 0x00,  // Set MaxxVolume Noise Gate : -96 dB
	0x00, 0xA1, 0x05,  // Load PEQ Start
	0x00, 0x00, 0x00,  // Ch: 1
	0x00, 0x00, 0x01,  // Type: Low Shelf
	0x00, 0x00, 0x0C,  // Freq: 32 Hz
	0x00, 0x00, 0x16,  // Q: 1.37
	0x00, 0x00, 0x40,  // Gain: -0.0
	0x00, 0xD8, 0x00,  // Load PEQ End
	0x00, 0xA1, 0x05,  // Load PEQ Start
	0x00, 0x00, 0x01,  // Ch: 2
	0x00, 0x00, 0x00,  // Type: Bell
	0x00, 0x00, 0x18,  // Freq: 64 Hz
	0x00, 0x00, 0x3A,  // Q: 2.96
	0x00, 0x00, 0x40,  // Gain: -0.0
	0x00, 0xD8, 0x00,  // Load PEQ End
	0x00, 0xA1, 0x05,  // Load PEQ Start
	0x00, 0x00, 0x02,  // Ch: 3
	0x00, 0x00, 0x00,  // Type: Bell
	0x00, 0x00, 0x24,  // Freq: 128 Hz
	0x00, 0x00, 0x3A,  // Q: 2.96
	0x00, 0x00, 0x40,  // Gain: -0.0
	0x00, 0xD8, 0x00,  // Load PEQ End
	0x00, 0xA1, 0x05,  // Load PEQ Start
	0x00, 0x00, 0x03,  // Ch: 4
	0x00, 0x00, 0x00,  // Type: Bell
	0x00, 0x00, 0x30,  // Freq: 256 Hz
	0x00, 0x00, 0x3A,  // Q: 2.96
	0x00, 0x00, 0x40,  // Gain: -0.0
	0x00, 0xD8, 0x00,  // Load PEQ End
	0x00, 0xA1, 0x05,  // Load PEQ Start
	0x00, 0x00, 0x04,  // Ch: 5
	0x00, 0x00, 0x00,  // Type: Bell
	0x00, 0x00, 0x3C,  // Freq: 512 Hz
	0x00, 0x00, 0x3A,  // Q: 2.96
	0x00, 0x00, 0x40,  // Gain: -0.0
	0x00, 0xD8, 0x00,  // Load PEQ End
	0x00, 0xA1, 0x05,  // Load PEQ Start
	0x00, 0x00, 0x05,  // Ch: 6
	0x00, 0x00, 0x00,  // Type: Bell
	0x00, 0x00, 0x48,  // Freq: 1024 Hz
	0x00, 0x00, 0x3A,  // Q: 2.96
	0x00, 0x00, 0x40,  // Gain: -0.0
	0x00, 0xD8, 0x00,  // Load PEQ End
	0x00, 0xA1, 0x05,  // Load PEQ Start
	0x00, 0x00, 0x06,  // Ch: 7
	0x00, 0x00, 0x00,  // Type: Bell
	0x00, 0x00, 0x54,  // Freq: 2048 Hz
	0x00, 0x00, 0x3A,  // Q: 2.96
	0x00, 0x00, 0x40,  // Gain: -0.0
	0x00, 0xD8, 0x00,  // Load PEQ End
	0x00, 0xA1, 0x05,  // Load PEQ Start
	0x00, 0x00, 0x07,  // Ch: 8
	0x00, 0x00, 0x00,  // Type: Bell
	0x00, 0x00, 0x60,  // Freq: 4096 Hz
	0x00, 0x00, 0x3A,  // Q: 2.96
	0x00, 0x00, 0x40,  // Gain: -0.0
	0x00, 0xD8, 0x00,  // Load PEQ End
	0x00, 0xA1, 0x05,  // Load PEQ Start
	0x00, 0x00, 0x08,  // Ch: 9
	0x00, 0x00, 0x00,  // Type: Bell
	0x00, 0x00, 0x6C,  // Freq: 8192 Hz
	0x00, 0x00, 0x3A,  // Q: 2.96
	0x00, 0x00, 0x40,  // Gain: -0.0
	0x00, 0xD8, 0x00,  // Load PEQ End
	0x00, 0xA1, 0x05,  // Load PEQ Start
	0x00, 0x00, 0x09,  // Ch: 10
	0x00, 0x00, 0x02,  // Type: High Shelf
	0x00, 0x00, 0x78,  // Freq: 16384 Hz
	0x00, 0x00, 0x16,  // Q: 1.37
	0x00, 0x00, 0x40,  // Gain: -0.0
	0x00, 0xD8, 0x00,  // Load PEQ End
	0x00, 0xCF, 0x01,  // Set Bypass Algorithm. Bypass is enabled for : High Pass Filter,
	0x00, 0xD1, 0x00,  // Set MaxxBass Intensity : 0.0 %
	0x00, 0xD1, 0x09,  // Set MaxxBass Intensity : 11.8 %
	0x00, 0xD1, 0x12,  // Set MaxxBass Intensity : 23.7 %
	0x00, 0xD1, 0x1B,  // Set MaxxBass Intensity : 35.5 %
	0x00, 0xD1, 0x24,  // Set MaxxBass Intensity : 47.4 %
	0x00, 0xD1, 0x2D,  // Set MaxxBass Intensity : 59.2 %
	0x00, 0xD1, 0x36,  // Set MaxxBass Intensity : 71.1 %
	0x00, 0xD1, 0x3F,  // Set MaxxBass Intensity : 82.9 %
	0x00, 0xD1, 0x48,  // Set MaxxBass Intensity : 94.7 %
	0x00, 0xD1, 0x4C,  // Set MaxxBass Intensity : 100.0 %
	0x00, 0xD1, 0x00,  // Set MaxxBass Intensity : 0.0 %
	0x00, 0xCF, 0x01,  // Set Bypass Algorithm. Bypass is enabled for : High Pass Filter,
	0x00, 0xD2, 0x00,  // Set MaxxTreble Intensity : 0.0 %
	0x00, 0xCF, 0x01,  // Set Bypass Algorithm. Bypass is enabled for : High Pass Filter,
	0x00, 0xD3, 0x00,  // Set Maxx3D Intensity : 0.0 %
	0x00, 0xD6, 0x0B,  // Set Maxx3D Mode : SF 44.1KHz/48KHz, Speaker Span Normal, Low-Pass 0 dB
	0x00, 0xCF, 0x01,  // Set Bypass Algorithm. Bypass is enabled for : High Pass Filter,
	0x00, 0xE8, 0x3F,  // Set MaxxDialog Level : 49.6 %
	0x00, 0xE9, 0x3F,  // Set MaxxDialog Side Level : 49.6 %
	0x00, 0xCF, 0x01,  // Set Bypass Algorithm. Bypass is enabled for : High Pass Filter,
	0x00, 0xCC, 0x01,  //
	0xFF, 0xAB, 0xF4,  // Set HWP_INDEX
	0x00, 0x00, 0x00,
	0xFF, 0xAB, 0xF5,  // Set HWP_CTL
	0x30, 0x07, 0x0C,
	0xFF, 0xAB, 0xF6,  // Set HWP_DATA0
	0x61, 0x70, 0x00,
	0xFF, 0xAB, 0xF7,  // Set HWP_DATA1
	0x00, 0x01, 0xFC,
	0xFF, 0xAB, 0xF4,  // Set HWP_INDEX
	0x00, 0x00, 0x01,
	0xFF, 0xAB, 0xF5,  // Set HWP_CTL
	0x30, 0x07, 0x0E,
	0xFF, 0xAB, 0xF6,  // Set HWP_DATA0
	0x54, 0xF4, 0x00,
	0xFF, 0xAB, 0xF7,  // Set HWP_DATA1
	0x00, 0x04, 0xE2,
	0xFF, 0xAB, 0xF4,  // Set HWP_INDEX
	0x00, 0x00, 0x02,
	0xFF, 0xAB, 0xF5,  // Set HWP_CTL
	0x10, 0x07, 0x13,
	0xFF, 0xAB, 0xF6,  // Set HWP_DATA0
	0x00, 0x0C, 0x40,
	0xFF, 0xAB, 0xF4,  // Set HWP_INDEX
	0x00, 0x00, 0x03,
	0xFF, 0xAB, 0xF5,  // Set HWP_CTL
	0x10, 0x10, 0x95,
	0xFF, 0xAB, 0xF6,  // Set HWP_DATA0
	0x4F, 0xDC, 0xBA,
	0xFF, 0xAB, 0xF4,  // Set HWP_INDEX
	0x00, 0x00, 0x04,
	0xFF, 0xAB, 0xF5,  // Set HWP_CTL
	0x10, 0x13, 0x9E,
	0xFF, 0xAB, 0xF6,  // Set HWP_DATA0
	0x00, 0x00, 0x00,
	0xFF, 0xAB, 0xF4,  // Set HWP_INDEX
	0x00, 0x00, 0x05,
	0xFF, 0xAB, 0xF5,  // Set HWP_CTL
	0x30, 0x0F, 0x6C,
	0xFF, 0xAB, 0xF6,  // Set HWP_DATA0
	0x56, 0xF4, 0x00,
	0xFF, 0xAB, 0xF7,  // Set HWP_DATA1
	0x00, 0x00, 0xA9,
	0xFF, 0xAB, 0xF4,  // Set HWP_INDEX
	0x00, 0x00, 0x06,
	0xFF, 0xAB, 0xF5,  // Set HWP_CTL
	0x30, 0x0F, 0x66,
	0xFF, 0xAB, 0xF6,  // Set HWP_DATA0
	0x0A, 0xF0, 0x80,
	0xFF, 0xAB, 0xF7,  // Set HWP_DATA1
	0x00, 0x0C, 0xFC,
	0xFF, 0xAB, 0xF4,  // Set HWP_INDEX
	0x00, 0x00, 0x07,
	0xFF, 0xAB, 0xF5,  // Set HWP_CTL
	0x20, 0x19, 0xE4,
	0xFF, 0xAB, 0xF6,  // Set HWP_DATA0
	0x63, 0xF4, 0x00,
	0xFF, 0xAB, 0xF7,  // Set HWP_DATA1
	0x00, 0x02, 0xE0,
};

static unsigned char MaxxAudio_Cmd_FULL_Patch[] =
{
	0x06, 0xAA, 0x06,  // Set Patch Version
	0x04, 0xA2, 0xE2,  // Load Patch (extend data 1250 x 3)
	0x61, 0xF4, 0x00,
	0x00, 0x0D, 0x42,
	0x61, 0x70, 0x00,
	0x00, 0x02, 0x47,
	0x3C, 0x0A, 0x00,
	0x38, 0x0A, 0x00,
	0x64, 0xF4, 0x00,
	0x00, 0x01, 0x34,
	0x60, 0xF4, 0x00,
	0x00, 0x01, 0xDA,
	0x05, 0xF4, 0x20,
	0xFF, 0xFF, 0xFF,
	0x04, 0x64, 0xA0,
	0x20, 0x4C, 0x00,
	0x20, 0x48, 0x00,
	0x44, 0xB8, 0x00,
	0x0C, 0xC4, 0xA0,
	0x00, 0x00, 0x16,
	0x57, 0xF4, 0x00,
	0x7F, 0xF7, 0x05,
	0x5F, 0x5C, 0x00,
	0x5F, 0x58, 0x00,
	0x57, 0xF4, 0x00,
	0x7F, 0xFF, 0x38,
	0x5F, 0x5C, 0x00,
	0x5F, 0x58, 0x00,
	0x20, 0x5C, 0x00,
	0x20, 0x58, 0x00,
	0x57, 0xF4, 0x00,
	0x7F, 0xFF, 0xBC,
	0x5F, 0x5C, 0x00,
	0x5F, 0x58, 0x00,
	0x57, 0xF4, 0x00,
	0x7F, 0xC7, 0x29,
	0x5F, 0x5C, 0x00,
	0x5F, 0x58, 0x00,
	0x0A, 0xF0, 0x80,
	0x00, 0x0C, 0x78,
	0x57, 0xF4, 0x00,
	0x7F, 0xF6, 0x3A,
	0x5F, 0x5C, 0x00,
	0x5F, 0x58, 0x00,
	0x57, 0xF4, 0x00,
	0x7F, 0xFF, 0x27,
	0x5F, 0x5C, 0x00,
	0x5F, 0x58, 0x00,
	0x20, 0x5C, 0x00,
	0x20, 0x58, 0x00,
	0x57, 0xF4, 0x00,
	0x7F, 0xFF, 0xB6,
	0x5F, 0x5C, 0x00,
	0x5F, 0x58, 0x00,
	0x57, 0xF4, 0x00,
	0x7F, 0xC2, 0x23,
	0x5F, 0x5C, 0x00,
	0x5F, 0x58, 0x00,
	0x54, 0xF0, 0x00,
	0xFF, 0xFF, 0xF1,
	0x0C, 0x1E, 0xE2,
	0x01, 0x40, 0xC6,
	0x00, 0x00, 0x07,
	0x01, 0x40, 0xC5,
	0x00, 0x00, 0x01,
	0x0A, 0xF0, 0xA2,
	0x00, 0x0C, 0x89,
	0x61, 0xF4, 0x00,
	0x00, 0xCD, 0xAC,
	0x61, 0x70, 0x00,
	0x00, 0x02, 0x14,
	0x61, 0xF4, 0x00,
	0x00, 0xC8, 0x32,
	0x61, 0x70, 0x00,
	0x00, 0x01, 0xFF,
	0x60, 0xF4, 0x00,
	0x00, 0x0D, 0x4A,
	0x60, 0x70, 0x00,
	0x00, 0x01, 0xF8,
	0x0B, 0xF0, 0x80,
	0x00, 0x0D, 0x4A,
	0x61, 0xF4, 0x00,
	0x00, 0x0D, 0x03,
	0x61, 0x70, 0x00,
	0x00, 0x02, 0x42,
	0x61, 0xF4, 0x00,
	0xFF, 0xFF, 0xF4,
	0x44, 0xF4, 0x00,
	0x00, 0x00, 0x07,
	0x44, 0x59, 0x00,
	0x44, 0xB8, 0x00,
	0x0C, 0xC4, 0xA0,
	0x00, 0x00, 0x06,
	0x44, 0xF4, 0x00,
	0x20, 0x19, 0xE4,
	0x0A, 0xF0, 0x80,
	0x00, 0x0C, 0xA1,
	0x44, 0xF4, 0x00,
	0x30, 0x19, 0xE4,
	0x44, 0x61, 0x00,
	0x61, 0xF4, 0x00,
	0x00, 0x0D, 0x6F,
	0x61, 0x70, 0x00,
	0x00, 0x02, 0x56,
	0x61, 0xF4, 0x00,
	0x00, 0x0D, 0xA4,
	0x61, 0x70, 0x00,
	0x00, 0x02, 0x45,
	0x65, 0xF4, 0x13,
	0x00, 0x03, 0x80,
	0x44, 0xF4, 0x00,
	0x00, 0x03, 0x81,
	0x44, 0x5D, 0x00,
	0x06, 0x40, 0xA0,
	0x56, 0x5D, 0x00,
	0x0B, 0xF0, 0x80,
	0x00, 0x0D, 0xC6,
	0x61, 0xF4, 0x00,
	0x00, 0x0D, 0xCE,
	0x61, 0x70, 0x00,
	0x00, 0x02, 0x15,
	0x61, 0xF4, 0x00,
	0x00, 0x0F, 0x43,
	0x61, 0x70, 0x00,
	0x00, 0x01, 0xFC,
	0x60, 0xF4, 0x00,
	0x00, 0x00, 0x0E,
	0x45, 0xF4, 0x00,
	0x0B, 0xF0, 0x80,
	0x44, 0xF4, 0x00,
	0x00, 0x0E, 0xA4,
	0x07, 0x58, 0x85,
	0x07, 0x58, 0x84,
	0x60, 0xF4, 0x00,
	0x00, 0x00, 0x1A,
	0x07, 0x58, 0x85,
	0x07, 0x58, 0x84,
	0x0B, 0xF0, 0x80,
	0x00, 0x0E, 0x73,
	0x61, 0xF4, 0x00,
	0x00, 0x0E, 0xDE,
	0x64, 0xF4, 0x00,
	0x00, 0x03, 0x95,
	0x60, 0xF4, 0x00,
	0x00, 0x03, 0x71,
	0x0B, 0xE1, 0x80,
	0x64, 0xF4, 0x00,
	0x00, 0x03, 0x98,
	0x60, 0xF4, 0x00,
	0x00, 0x03, 0x75,
	0x0B, 0xE1, 0x80,
	0x64, 0xF4, 0x00,
	0x00, 0x03, 0x99,
	0x60, 0xF4, 0x00,
	0x00, 0x03, 0x76,
	0x46, 0xF4, 0x00,
	0x00, 0x00, 0x0E,
	0x4E, 0x64, 0x00,
	0x46, 0x60, 0x00,
	0x60, 0xF4, 0x00,
	0x00, 0x03, 0x79,
	0x44, 0xF4, 0x00,
	0x00, 0x00, 0x0A,
	0x0B, 0xF0, 0x80,
	0x00, 0x0E, 0xE7,
	0x46, 0xF4, 0x00,
	0x7F, 0xFF, 0xFF,
	0x4E, 0x70, 0x00,
	0x00, 0x03, 0x9B,
	0x64, 0xF4, 0x00,
	0x00, 0x03, 0x9D,
	0x60, 0xF4, 0x00,
	0x00, 0x03, 0x7C,
	0x46, 0xF4, 0x00,
	0x00, 0x00, 0x17,
	0x4E, 0x64, 0x00,
	0x46, 0x60, 0x00,
	0x0A, 0xC4, 0x40,
	0x0B, 0xF0, 0x80,
	0x00, 0x10, 0xEF,
	0x61, 0xF4, 0x00,
	0x00, 0x11, 0x0F,
	0x61, 0x70, 0x00,
	0x00, 0x02, 0xD9,
	0x0B, 0xF0, 0x80,
	0x00, 0x0D, 0x08,
	0x54, 0xF0, 0x00,
	0x00, 0x00, 0x46,
	0x0A, 0xF0, 0x80,
	0x00, 0x11, 0x1C,
	0x61, 0xF0, 0x00,
	0x00, 0x02, 0x20,
	0x21, 0xBA, 0x00,
	0x0B, 0xE1, 0x80,
	0x0B, 0xF0, 0x80,
	0x00, 0x0D, 0x08,
	0x00, 0x00, 0x0C,
	0x0B, 0xF0, 0x80,
	0x00, 0xD1, 0x39,
	0x0B, 0xF0, 0x80,
	0x00, 0x0D, 0x08,
	0x00, 0x00, 0x0C,
	0x05, 0xF4, 0x23,
	0xFF, 0xFF, 0xFF,
	0x20, 0x00, 0x1B,
	0x57, 0xF0, 0x13,
	0x00, 0x02, 0xB7,
	0x56, 0xBD, 0x00,
	0x01, 0x41, 0x85,
	0x0A, 0xF0, 0xA2,
	0x00, 0x0D, 0x13,
	0x57, 0xF0, 0x00,
	0x00, 0x02, 0xB9,
	0x46, 0xF4, 0x00,
	0x00, 0x00, 0x01,
	0x20, 0x00, 0x58,
	0x21, 0xE5, 0x3A,
	0x20, 0x00, 0x68,
	0x47, 0xF4, 0x00,
	0x00, 0x16, 0x00,
	0x46, 0xF0, 0x78,
	0x00, 0x00, 0x48,
	0x20, 0x00, 0x58,
	0x21, 0xF3, 0x00,
	0x6C, 0xF0, 0x00,
	0x00, 0x02, 0x4E,
	0x74, 0xF4, 0x00,
	0x00, 0x00, 0x03,
	0x20, 0x4C, 0x00,
	0x4E, 0xDB, 0x13,
	0x20, 0xCE, 0x00,
	0x4E, 0x5C, 0x00,
	0x4E, 0xDB, 0x00,
	0x4E, 0x5C, 0x00,
	0x4E, 0xDB, 0x00,
	0x4E, 0x64, 0x00,
	0x44, 0xF0, 0x00,
	0x00, 0x02, 0xA6,
	0x63, 0xF4, 0x00,
	0x00, 0x1A, 0xE8,
	0x46, 0xF4, 0x00,
	0x00, 0x00, 0x18,
	0x20, 0x54, 0xD8,
	0x20, 0x54, 0x2A,
	0x21, 0x3B, 0x00,
	0x20, 0x4B, 0x00,
	0x73, 0xF4, 0x00,
	0x00, 0x00, 0x12,
	0x20, 0x4B, 0x00,
	0x46, 0xDB, 0x1B,
	0x20, 0xCF, 0x00,
	0x20, 0x00, 0x0D,
	0x0D, 0x10, 0x49,
	0x00, 0x00, 0x07,
	0x4E, 0x5C, 0x00,
	0x46, 0xDB, 0x00,
	0x4E, 0x5C, 0x00,
	0x46, 0xDB, 0x00,
	0x4E, 0x64, 0x00,
	0x00, 0x00, 0x0C,
	0x0B, 0xF0, 0x80,
	0x00, 0xD3, 0x68,
	0x46, 0xF4, 0x00,
	0x4D, 0xF8, 0xF0,
	0x74, 0xF4, 0x00,
	0x00, 0x00, 0x1E,
	0x4E, 0x6C, 0x00,
	0x00, 0x00, 0x0C,
	0x55, 0xBE, 0x00,
	0x01, 0x40, 0xCE,
	0xFF, 0xFF, 0x3F,
	0x30, 0xFF, 0x00,
	0x04, 0xCD, 0xCD,
	0x20, 0x00, 0x1B,
	0x22, 0x09, 0x00,
	0x00, 0x00, 0x0B,
	0x0D, 0x10, 0x4A,
	0x00, 0x00, 0x0A,
	0x0A, 0x9D, 0xA1,
	0x00, 0x0D, 0x51,
	0x22, 0x09, 0x00,
	0x00, 0x00, 0x0B,
	0x0D, 0x10, 0x4A,
	0x00, 0x00, 0x04,
	0x0A, 0x9D, 0x81,
	0x00, 0x0D, 0x57,
	0x08, 0x45, 0x1A,
	0x56, 0xF4, 0x00,
	0x00, 0x03, 0xFF,
	0x20, 0x00, 0x62,
	0x08, 0xCC, 0x1A,
	0x20, 0xA4, 0x00,
	0x07, 0xF0, 0x2D,
	0x00, 0x00, 0x3E,
	0x57, 0xF0, 0x00,
	0x00, 0x02, 0xAC,
	0x45, 0xF4, 0x00,
	0x00, 0x00, 0x02,
	0x45, 0xF4, 0x6A,
	0xFF, 0x0F, 0xFF,
	0x20, 0x00, 0x6E,
	0x55, 0x70, 0x00,
	0x00, 0x02, 0xAC,
	0x08, 0xC4, 0x1A,
	0x00, 0x00, 0x0C,
	0x57, 0xF0, 0x00,
	0x00, 0x01, 0x90,
	0x56, 0xF0, 0x2A,
	0x00, 0x01, 0x8E,
	0x20, 0x00, 0x22,
	0x70, 0xF4, 0x10,
	0x00, 0x00, 0x02,
	0x0B, 0xF0, 0x80,
	0x00, 0xDA, 0xF0,
	0x70, 0xF4, 0x00,
	0x00, 0x00, 0x00,
	0xF3, 0x98, 0x26,
	0x14, 0xDC, 0x47,
	0x02, 0x90, 0x58,
	0x21, 0xE6, 0x1B,
	0x51, 0xD0, 0xD2,
	0x20, 0x00, 0xE6,
	0x20, 0x00, 0x10,
	0xF9, 0x18, 0x09,
	0x50, 0x58, 0x00,
	0x20, 0xEE, 0x7D,
	0x02, 0x90, 0x78,
	0x21, 0xE6, 0x00,
	0x00, 0xFE, 0xB9,
	0x06, 0x18, 0xA0,
	0x01, 0x80, 0x50,
	0x21, 0x05, 0x00,
	0x21, 0x0E, 0x00,
	0x02, 0x0C, 0xB6,
	0x21, 0xC5, 0x00,
	0x20, 0x00, 0xE0,
	0x20, 0x00, 0x32,
	0xF7, 0x98, 0x00,
	0x4E, 0xDC, 0x67,
	0x02, 0x90, 0x58,
	0x12, 0x90, 0x00,
	0x01, 0x27, 0xA5,
	0x21, 0x04, 0x00,
	0x01, 0x26, 0xB5,
	0x01, 0x24, 0xAE,
	0x21, 0xC5, 0x18,
	0x20, 0x00, 0xEE,
	0x55, 0x58, 0x00,
	0x51, 0x58, 0x00,
	0x20, 0x5C, 0x00,
	0x4C, 0xDC, 0x00,
	0x47, 0xF4, 0x00,
	0x7F, 0xFF, 0xFF,
	0x0B, 0xC4, 0x60,
	0x02, 0x80, 0x78,
	0x57, 0x70, 0x00,
	0x00, 0x01, 0xB3,
	0x00, 0x00, 0x0C,
	0x0A, 0xC4, 0x26,
	0x00, 0xD2, 0x9B,
	0x61, 0xF0, 0x00,
	0x00, 0x02, 0x56,
	0x0B, 0xE1, 0x80,
	0x57, 0xF0, 0x00,
	0x00, 0x01, 0x96,
	0x63, 0xF0, 0x00,
	0x00, 0x03, 0x80,
	0x44, 0xE3, 0x00,
	0x57, 0x5B, 0x00,
	0x44, 0x70, 0x00,
	0x00, 0x01, 0x96,
	0x22, 0x6E, 0x00,
	0x44, 0xF4, 0x00,
	0x00, 0x03, 0x81,
	0x01, 0x40, 0xC5,
	0x00, 0x03, 0xC1,
	0x02, 0x10, 0x40,
	0x56, 0x70, 0x00,
	0x00, 0x03, 0x80,
	0x44, 0xF0, 0x00,
	0x00, 0x01, 0x90,
	0x1F, 0xB0, 0x41,
	0x00, 0x01, 0x8E,
	0x20, 0x00, 0x07,
	0x02, 0x90, 0x00,
	0x20, 0x00, 0x79,
	0x20, 0x00, 0x07,
	0x02, 0x90, 0x00,
	0x20, 0x8F, 0x00,
	0x20, 0x00, 0x79,
	0x0A, 0xF0, 0x80,
	0x00, 0xD2, 0x17,
	0x20, 0x00, 0x13,
	0x60, 0xF4, 0x00,
	0x00, 0x03, 0x68,
	0x56, 0x60, 0x00,
	0x06, 0x08, 0x80,
	0x00, 0x0D, 0xCC,
	0x56, 0x58, 0x00,
	0x00, 0x00, 0x0C,
	0x56, 0xF0, 0x00,
	0x00, 0x01, 0xA7,
	0x57, 0xF0, 0x22,
	0x00, 0x01, 0xA8,
	0x56, 0x70, 0x2A,
	0x00, 0x01, 0x8E,
	0x57, 0x70, 0x00,
	0x00, 0x01, 0x90,
	0x6C, 0xF0, 0x00,
	0x00, 0x02, 0x4D,
	0x3C, 0x00, 0x00,
	0x61, 0xF0, 0x00,
	0x00, 0x02, 0x1A,
	0x20, 0x4C, 0x00,
	0x30, 0x4F, 0x00,
	0x44, 0xF0, 0x00,
	0x00, 0x00, 0x46,
	0x0B, 0xE1, 0x80,
	0x6C, 0xF0, 0x00,
	0x00, 0x02, 0x4D,
	0x3C, 0x03, 0x00,
	0x61, 0xF0, 0x00,
	0x00, 0x02, 0x2F,
	0x20, 0x4C, 0x00,
	0x30, 0x5D, 0x00,
	0x44, 0xF0, 0x00,
	0x00, 0x00, 0x46,
	0x0B, 0xE1, 0x80,
	0x64, 0xF4, 0x00,
	0x00, 0x02, 0xC3,
	0x61, 0xF0, 0x00,
	0x00, 0x02, 0x3E,
	0x30, 0xC9, 0x00,
	0x44, 0xF0, 0x00,
	0x00, 0x00, 0x46,
	0x0B, 0xE1, 0x80,
	0x64, 0xF4, 0x00,
	0x00, 0x02, 0xD9,
	0x61, 0xF0, 0x00,
	0x00, 0x02, 0x88,
	0x44, 0xF0, 0x00,
	0x00, 0x00, 0x46,
	0x0B, 0xE1, 0x80,
	0x6C, 0xF0, 0x00,
	0x00, 0x02, 0x4D,
	0x3C, 0x10, 0x00,
	0x61, 0xF0, 0x00,
	0x00, 0x02, 0x32,
	0x20, 0x4C, 0x00,
	0x30, 0x9B, 0x00,
	0x44, 0xF0, 0x00,
	0x00, 0x00, 0x46,
	0x0B, 0xE1, 0x80,
	0x44, 0xF0, 0x00,
	0x00, 0x01, 0x9E,
	0x44, 0x70, 0x00,
	0x00, 0x01, 0x97,
	0x44, 0xF0, 0x00,
	0x00, 0x01, 0xA0,
	0x44, 0x70, 0x00,
	0x00, 0x01, 0x9A,
	0x6C, 0xF0, 0x00,
	0x00, 0x02, 0x4D,
	0x3C, 0x13, 0x00,
	0x61, 0xF0, 0x00,
	0x00, 0x02, 0x25,
	0x20, 0x4C, 0x00,
	0x30, 0xA9, 0x00,
	0x44, 0xF0, 0x00,
	0x00, 0x00, 0x46,
	0x0B, 0xE1, 0x80,
	0x56, 0xF0, 0x00,
	0x00, 0x01, 0x9A,
	0x44, 0xF0, 0x00,
	0x00, 0x01, 0x97,
	0x57, 0xF0, 0x40,
	0x00, 0x01, 0x9D,
	0x44, 0xF0, 0x22,
	0x00, 0x01, 0x9F,
	0x45, 0xF0, 0x48,
	0x00, 0x01, 0x92,
	0x45, 0x70, 0x2A,
	0x00, 0x01, 0x8E,
	0x45, 0xF0, 0x10,
	0x00, 0x01, 0x94,
	0x45, 0x70, 0x22,
	0x00, 0x01, 0x90,
	0x20, 0x00, 0x22,
	0x56, 0x70, 0x00,
	0x00, 0x01, 0x96,
	0x6C, 0xF0, 0x00,
	0x00, 0x02, 0x4D,
	0x3C, 0x29, 0x00,
	0x61, 0xF0, 0x00,
	0x00, 0x02, 0x37,
	0x20, 0x4C, 0x00,
	0x30, 0xD7, 0x00,
	0x44, 0xF0, 0x00,
	0x00, 0x00, 0x46,
	0x0B, 0xE1, 0x80,
	0x56, 0xF0, 0x00,
	0x00, 0x01, 0x8E,
	0x57, 0xF0, 0x22,
	0x00, 0x01, 0x90,
	0x20, 0x00, 0x22,
	0x56, 0x70, 0x2A,
	0x00, 0x01, 0x8E,
	0x20, 0x00, 0x2A,
	0x57, 0x70, 0x00,
	0x00, 0x01, 0x90,
	0x6C, 0xF0, 0x00,
	0x00, 0x02, 0x4D,
	0x74, 0xF4, 0x00,
	0x00, 0x00, 0x5F,
	0x61, 0xF0, 0x00,
	0x00, 0x02, 0x7A,
	0x20, 0x4C, 0x00,
	0x60, 0xF4, 0x00,
	0x00, 0x01, 0x4E,
	0x0B, 0xE1, 0x80,
	0x30, 0xFA, 0x00,
	0x61, 0xF0, 0x00,
	0x00, 0x02, 0x63,
	0x64, 0xF4, 0x00,
	0x00, 0x02, 0x50,
	0x0B, 0xE1, 0x80,
	0x60, 0xF4, 0x00,
	0x00, 0x03, 0x68,
	0x44, 0xD8, 0x00,
	0x0A, 0xC4, 0x00,
	0x00, 0x0E, 0x5C,
	0x64, 0xF4, 0x00,
	0x00, 0x03, 0xE0,
	0x7D, 0xDC, 0x00,
	0x79, 0xDC, 0x00,
	0x38, 0x02, 0x00,
	0x57, 0xF0, 0x00,
	0x00, 0x01, 0x96,
	0x0B, 0xF0, 0x80,
	0x00, 0xD3, 0xA1,
	0x57, 0x70, 0x00,
	0x00, 0x01, 0x96,
	0x6C, 0xF0, 0x00,
	0x00, 0x02, 0x4D,
	0x3C, 0x33, 0x00,
	0x61, 0xF0, 0x00,
	0x00, 0x02, 0x45,
	0x30, 0xE1, 0x00,
	0x20, 0x4C, 0x00,
	0x44, 0xF0, 0x00,
	0x00, 0x00, 0x46,
	0x0B, 0xE1, 0x80,
	0x44, 0xF0, 0x00,
	0x00, 0x01, 0x92,
	0x44, 0x70, 0x00,
	0x00, 0x01, 0xAB,
	0x44, 0xF0, 0x00,
	0x00, 0x01, 0x94,
	0x44, 0x70, 0x00,
	0x00, 0x01, 0xAC,
	0x44, 0xF0, 0x00,
	0x00, 0x01, 0x96,
	0x44, 0x70, 0x00,
	0x00, 0x01, 0xAD,
	0x00, 0x00, 0x0C,
	0x44, 0xF0, 0x00,
	0x00, 0x02, 0xB3,
	0x44, 0x70, 0x00,
	0x00, 0x03, 0xFA,
	0x44, 0xF4, 0x00,
	0x00, 0x00, 0x00,
	0x44, 0x70, 0x00,
	0x00, 0x03, 0xFB,
	0x44, 0xF4, 0x00,
	0x00, 0x01, 0xD6,
	0x44, 0x70, 0x00,
	0x00, 0x03, 0xFC,
	0x44, 0xF4, 0x00,
	0x00, 0x00, 0x01,
	0x44, 0x70, 0x00,
	0x00, 0x03, 0xFD,
	0x00, 0x00, 0x0C,
	0x44, 0xF0, 0x00,
	0x00, 0x02, 0xB3,
	0x0A, 0xC5, 0x00,
	0x00, 0x0E, 0xA1,
	0x44, 0xF0, 0x00,
	0x00, 0x00, 0x46,
	0x0A, 0xC4, 0x26,
	0x00, 0x0E, 0xA1,
	0x44, 0xF0, 0x00,
	0x00, 0x03, 0xFD,
	0x01, 0x41, 0xC8,
	0x00, 0x00, 0x4E,
	0x20, 0x00, 0x2A,
	0x21, 0x26, 0x00,
	0x44, 0xF0, 0x00,
	0x00, 0x02, 0xB2,
	0x20, 0x00, 0xD8,
	0x44, 0xF0, 0x00,
	0x00, 0x03, 0xFC,
	0x20, 0x00, 0xDE,
	0x2E, 0x00, 0x00,
	0x20, 0x00, 0x1D,
	0x0C, 0x1C, 0x95,
	0x50, 0xF0, 0x00,
	0x00, 0x02, 0xB3,
	0x20, 0x00, 0x14,
	0x2F, 0x00, 0x00,
	0x20, 0x00, 0x1D,
	0x21, 0x24, 0x00,
	0x44, 0x70, 0x00,
	0x00, 0x03, 0xFA,
	0x00, 0x00, 0x0C,
	0x0B, 0xF0, 0x80,
	0x00, 0xC2, 0x71,
	0x0A, 0x15, 0x20,
	0x60, 0xF4, 0x00,
	0x00, 0x03, 0x71,
	0x64, 0xF4, 0x00,
	0x00, 0x03, 0x95,
	0x0B, 0xF0, 0x80,
	0x00, 0x0F, 0x10,
	0x60, 0xF4, 0x00,
	0x00, 0x03, 0x75,
	0x64, 0xF4, 0x00,
	0x00, 0x03, 0x98,
	0x0B, 0xF0, 0x80,
	0x00, 0x0F, 0x10,
	0x60, 0xF4, 0x00,
	0x00, 0x03, 0x7B,
	0x64, 0xF4, 0x00,
	0x00, 0x03, 0x9C,
	0x0B, 0xF0, 0x80,
	0x00, 0x0F, 0x10,
	0x61, 0xF0, 0x13,
	0x00, 0x01, 0xEA,
	0x56, 0x70, 0x00,
	0x00, 0x01, 0x96,
	0x0B, 0xF0, 0x80,
	0x00, 0xC8, 0x6B,
	0x0B, 0xE1, 0x80,
	0x4E, 0xF0, 0x00,
	0x00, 0x03, 0x9B,
	0x44, 0xF0, 0x00,
	0x00, 0x01, 0xAB,
	0x45, 0xF0, 0xD1,
	0x00, 0x01, 0xAC,
	0x56, 0x70, 0xE1,
	0x00, 0x01, 0xAB,
	0x56, 0x70, 0x00,
	0x00, 0x01, 0xAC,
	0x44, 0xF0, 0x00,
	0x00, 0x01, 0xAD,
	0x20, 0x00, 0xD1,
	0x56, 0x70, 0x00,
	0x00, 0x01, 0xAD,
	0x44, 0xF0, 0x00,
	0x00, 0x01, 0xA5,
	0x44, 0x70, 0x00,
	0x00, 0x01, 0xA9,
	0x44, 0xF0, 0x00,
	0x00, 0x01, 0xA6,
	0x44, 0x70, 0x00,
	0x00, 0x01, 0xAA,
	0x0B, 0x14, 0xAA,
	0x00, 0x10, 0xFE,
	0x0B, 0xF0, 0x80,
	0x00, 0xC8, 0xAD,
	0x0B, 0xF0, 0x80,
	0x00, 0xC2, 0xAE,
	0x00, 0x00, 0x04,
	0x24, 0x00, 0x00,
	0x44, 0x58, 0x00,
	0x44, 0x58, 0x00,
	0x44, 0x58, 0x00,
	0x44, 0x58, 0x00,
	0x4C, 0x5C, 0x00,
	0x4C, 0x5C, 0x00,
	0x4C, 0x5C, 0x00,
	0x00, 0x00, 0x0C,
	0x57, 0xF4, 0x00,
	0x00, 0x00, 0x01,
	0x20, 0x8E, 0x00,
	0x20, 0x00, 0x05,
	0x02, 0x90, 0x00,
	0x57, 0xF4, 0x00,
	0x00, 0x03, 0xE8,
	0x20, 0x00, 0x05,
	0x02, 0x70, 0x00,
	0x0A, 0x38, 0xA1,
	0x00, 0x0E, 0xFC,
	0x0A, 0x38, 0xA0,
	0x00, 0x0E, 0xF8,
	0x44, 0xF4, 0x00,
	0x00, 0x00, 0x30,
	0x0A, 0xF0, 0x80,
	0x00, 0x0F, 0x00,
	0x44, 0xF4, 0x00,
	0x00, 0x00, 0x2C,
	0x0A, 0xF0, 0x80,
	0x00, 0x0F, 0x00,
	0x44, 0xF4, 0x00,
	0x00, 0x00, 0x20,
	0x0A, 0xF0, 0x80,
	0x00, 0x0F, 0x00,
	0x21, 0xC5, 0x00,
	0x20, 0x00, 0xA0,
	0x20, 0x00, 0x22,
	0x21, 0x04, 0x00,
	0x44, 0x58, 0x00,
	0x20, 0x00, 0x13,
	0x50, 0xF4, 0x00,
	0x40, 0x00, 0x00,
	0x20, 0x00, 0x26,
	0x00, 0xFE, 0xB9,
	0x06, 0x18, 0xA0,
	0x01, 0x80, 0x40,
	0x20, 0x00, 0x32,
	0x20, 0x00, 0x32,
	0x50, 0x60, 0x00,
	0x00, 0x00, 0x0C,
	0x61, 0xF4, 0x00,
	0x00, 0x03, 0x79,
	0x4C, 0xDC, 0x00,
	0x4E, 0xDC, 0x13,
	0x50, 0xD8, 0x00,
	0x0C, 0xC4, 0x80,
	0x00, 0x00, 0x1D,
	0x65, 0xF4, 0x00,
	0x00, 0x03, 0x84,
	0x75, 0xD8, 0x00,
	0x0C, 0xC4, 0x81,
	0x00, 0x00, 0x09,
	0x47, 0xD0, 0x00,
	0x46, 0x58, 0x00,
	0x01, 0x40, 0x85,
	0x0D, 0x10, 0x4A,
	0x00, 0x00, 0x03,
	0x4F, 0x6D, 0x00,
	0x20, 0xDD, 0x00,
	0x0C, 0xC4, 0x82,
	0x00, 0x00, 0x0D,
	0x38, 0x03, 0x00,
	0x20, 0x4D, 0x00,
	0x5F, 0xE4, 0x00,
	0xC4, 0xB9, 0x00,
	0xC0, 0x91, 0x5C,
	0x46, 0x58, 0x00,
	0x21, 0xE6, 0x00,
	0x20, 0x00, 0xD8,
	0x20, 0xA8, 0x00,
	0x57, 0x40, 0x00,
	0x45, 0x58, 0x00,
	0x24, 0x00, 0x00,
	0x03, 0xFC, 0xA4,
	0x65, 0xF4, 0x00,
	0x00, 0x03, 0x84,
	0x75, 0xD8, 0x00,
	0x38, 0x03, 0x00,
	0x01, 0x40, 0x85,
	0x0A, 0xF0, 0xAA,
	0x00, 0x0F, 0x42,
	0x20, 0x4D, 0x00,
	0x00, 0x00, 0x0A,
	0xC0, 0xB8, 0x00,
	0x57, 0xC0, 0x00,
	0x50, 0x60, 0x58,
	0x01, 0x40, 0x85,
	0x02, 0xA0, 0x48,
	0x00, 0x00, 0x00,
	0x5F, 0x65, 0x00,
	0x00, 0x00, 0x0C,
	0x46, 0x90, 0x00,
	0x57, 0x91, 0x00,
	0x0C, 0x1E, 0x91,
	0x21, 0xE5, 0x00,
	0x44, 0x92, 0x00,
	0x57, 0xF4, 0x00,
	0x00, 0xF0, 0x00,
	0x20, 0x00, 0x6D,
	0x0A, 0xF0, 0xA2,
	0x00, 0x0F, 0x56,
	0x44, 0x70, 0x00,
	0x00, 0x03, 0xFB,
	0x20, 0x85, 0x00,
	0x0D, 0x0E, 0x84,
	0x61, 0xF0, 0x00,
	0x00, 0x02, 0x1E,
	0x0B, 0xE1, 0x80,
	0x0A, 0xF0, 0x80,
	0x00, 0xC7, 0x19,
	0x57, 0xF4, 0x00,
	0x00, 0xF1, 0x00,
	0x20, 0x00, 0x6D,
	0x0A, 0xF0, 0xA2,
	0x00, 0x0F, 0x69,
	0x20, 0xCE, 0x00,
	0x0C, 0x1E, 0x90,
	0x20, 0x00, 0x40,
	0x21, 0xC4, 0x00,
	0x44, 0x70, 0x00,
	0x00, 0x03, 0xFC,
	0x45, 0xF0, 0x00,
	0x00, 0x03, 0xFB,
	0x0D, 0x0E, 0x84,
	0x61, 0xF0, 0x00,
	0x00, 0x02, 0x1E,
	0x0B, 0xE1, 0x80,
	0x0A, 0xF0, 0x80,
	0x00, 0xC7, 0x19,
	0x57, 0xF4, 0x00,
	0x00, 0xF2, 0x00,
	0x20, 0x00, 0x6D,
	0x0A, 0xF0, 0xA2,
	0x00, 0x0F, 0x78,
	0x44, 0x70, 0x00,
	0x00, 0x03, 0xFD,
	0x45, 0xF0, 0x00,
	0x00, 0x03, 0xFB,
	0x0D, 0x0E, 0x84,
	0x61, 0xF0, 0x00,
	0x00, 0x02, 0x1E,
	0x0B, 0xE1, 0x80,
	0x0A, 0xF0, 0x80,
	0x00, 0xC7, 0x19,
	0x57, 0xF4, 0x00,
	0x00, 0xF3, 0x00,
	0x20, 0x00, 0x6D,
	0x0A, 0xF0, 0xA2,
	0x00, 0x0F, 0x81,
	0x0B, 0xF0, 0x80,
	0x00, 0x10, 0xEF,
	0x0A, 0xF0, 0x80,
	0x00, 0xC7, 0x19,
	0x57, 0xF4, 0x00,
	0x00, 0xF4, 0x00,
	0x20, 0x00, 0x6D,
	0x0A, 0xF0, 0xA2,
	0x00, 0x0F, 0x8E,
	0x0A, 0xC6, 0x00,
	0x00, 0x0F, 0x89,
	0x0D, 0x0D, 0xC6,
	0x60, 0xF4, 0x00,
	0x00, 0x03, 0x68,
	0x44, 0x60, 0x00,
	0x0A, 0xF0, 0x80,
	0x00, 0xC7, 0x19,
	0x57, 0xF4, 0x00,
	0x00, 0xD0, 0x00,
	0x20, 0x00, 0x6D,
	0x0A, 0xF0, 0xA2,
	0x00, 0x0F, 0xA3,
	0x20, 0xCE, 0x00,
	0x0C, 0x1E, 0x90,
	0x61, 0xF0, 0x40,
	0x00, 0x02, 0x46,
	0x21, 0xC4, 0x00,
	0x44, 0x70, 0x00,
	0x00, 0x02, 0xB2,
	0x0B, 0xE1, 0x80,
	0x45, 0xF0, 0x00,
	0x00, 0x03, 0xFB,
	0x0D, 0x0E, 0x84,
	0x61, 0xF0, 0x00,
	0x00, 0x02, 0x1E,
	0x0B, 0xE1, 0x80,
	0x0A, 0xF0, 0x80,
	0x00, 0xC7, 0x19,
	0x57, 0xF4, 0x00,
	0x00, 0xD1, 0x00,
	0x20, 0x00, 0x6D,
	0x0A, 0xF0, 0xA2,
	0x00, 0x0F, 0xB2,
	0x61, 0xF0, 0x00,
	0x00, 0x02, 0x1E,
	0x44, 0x70, 0x00,
	0x00, 0x02, 0xB3,
	0x45, 0xF0, 0x00,
	0x00, 0x03, 0xFB,
	0x0D, 0x0E, 0x84,
	0x0B, 0xE1, 0x80,
	0x0A, 0xF0, 0x80,
	0x00, 0xC7, 0x19,
	0x57, 0xF4, 0x00,
	0x00, 0xEA, 0x00,
	0x20, 0x00, 0x6D,
	0x0A, 0xF0, 0xA2,
	0x00, 0x0F, 0xD2,
	0x60, 0xF4, 0x00,
	0x00, 0x03, 0x96,
	0x5F, 0xE0, 0x00,
	0x20, 0x00, 0x4D,
	0x0D, 0x10, 0x4A,
	0x00, 0x00, 0x05,
	0x0A, 0x70, 0x61,
	0x00, 0x03, 0x95,
	0x4C, 0x60, 0x00,
	0x0A, 0x70, 0x62,
	0x00, 0x03, 0x95,
	0x20, 0x58, 0x00,
	0x61, 0xF4, 0x00,
	0x00, 0x10, 0xE4,
	0x61, 0x70, 0x00,
	0x00, 0x01, 0xFC,
	0x60, 0x70, 0x00,
	0x00, 0x00, 0x43,
	0x60, 0xF4, 0x00,
	0x00, 0x03, 0x95,
	0x60, 0x70, 0x00,
	0x00, 0x03, 0x7F,
	0x47, 0xF4, 0x00,
	0x0D, 0x52, 0xC9,
	0x47, 0x0D, 0x00,
	0x0A, 0xF0, 0x80,
	0x00, 0xC7, 0x19,
	0x57, 0xF4, 0x00,
	0x00, 0xEB, 0x00,
	0x20, 0x00, 0x6D,
	0x0A, 0xF0, 0xA2,
	0x00, 0x0F, 0xEB,
	0x0A, 0x70, 0x62,
	0x00, 0x03, 0x98,
	0x60, 0xF4, 0x00,
	0x00, 0x03, 0x99,
	0x20, 0x58, 0x00,
	0x61, 0xF4, 0x00,
	0x00, 0x10, 0xE4,
	0x61, 0x70, 0x00,
	0x00, 0x01, 0xFC,
	0x60, 0x70, 0x00,
	0x00, 0x00, 0x43,
	0x60, 0xF4, 0x00,
	0x00, 0x03, 0x98,
	0x60, 0x70, 0x00,
	0x00, 0x03, 0x7F,
	0x47, 0xF4, 0x00,
	0x0D, 0x52, 0xC9,
	0x47, 0x0D, 0x00,
	0x0A, 0xF0, 0x80,
	0x00, 0xC7, 0x19,
	0x57, 0xF4, 0x00,
	0x00, 0xEC, 0x00,
	0x20, 0x00, 0x6D,
	0x0A, 0xF0, 0xA2,
	0x00, 0x0F, 0xF7,
	0x20, 0xCE, 0x00,
	0x0C, 0x1E, 0x90,
	0x20, 0x00, 0x40,
	0x60, 0xF4, 0x00,
	0x00, 0x03, 0x79,
	0x21, 0xC4, 0x00,
	0x0D, 0x0E, 0xE7,
	0x57, 0xF4, 0x00,
	0x00, 0xA1, 0x00,
	0x20, 0x00, 0x6D,
	0x0A, 0xF0, 0xA2,
	0x00, 0x10, 0x0B,
	0x61, 0xF4, 0x00,
	0x00, 0x10, 0xCE,
	0x61, 0x70, 0x00,
	0x00, 0x01, 0xFC,
	0x44, 0x70, 0x00,
	0x00, 0x00, 0x41,
	0x60, 0xF4, 0x00,
	0x00, 0x03, 0x66,
	0x60, 0x70, 0x00,
	0x00, 0x00, 0x43,
	0x47, 0xF4, 0x00,
	0x0D, 0x52, 0xC9,
	0x47, 0x0D, 0x00,
	0x0A, 0xF0, 0x80,
	0x00, 0xC7, 0x19,
	0x57, 0xF4, 0x00,
	0x00, 0xA3, 0x00,
	0x20, 0x00, 0x6D,
	0x0A, 0xF0, 0xA2,
	0x00, 0x10, 0x1F,
	0x61, 0xF4, 0x00,
	0x00, 0x10, 0xCE,
	0x61, 0x70, 0x00,
	0x00, 0x01, 0xFC,
	0x44, 0x70, 0x00,
	0x00, 0x00, 0x41,
	0x60, 0xF4, 0x00,
	0x00, 0x02, 0x50,
	0x60, 0x70, 0x00,
	0x00, 0x00, 0x43,
	0x47, 0xF4, 0x00,
	0x0D, 0x52, 0xC9,
	0x47, 0x0D, 0x00,
	0x0A, 0xF0, 0x80,
	0x00, 0xC7, 0x19,
	0x57, 0xF4, 0x00,
	0x00, 0xA4, 0x00,
	0x20, 0x00, 0x6D,
	0x0A, 0xF0, 0xA2,
	0x00, 0x10, 0x33,
	0x61, 0xF4, 0x00,
	0x00, 0x10, 0xCE,
	0x61, 0x70, 0x00,
	0x00, 0x01, 0xFC,
	0x44, 0x70, 0x00,
	0x00, 0x00, 0x41,
	0x60, 0xF4, 0x00,
	0x00, 0x03, 0x71,
	0x60, 0x70, 0x00,
	0x00, 0x00, 0x43,
	0x47, 0xF4, 0x00,
	0x0D, 0x52, 0xC9,
	0x47, 0x0D, 0x00,
	0x0A, 0xF0, 0x80,
	0x00, 0xC7, 0x19,
	0x57, 0xF4, 0x00,
	0x00, 0xA7, 0x00,
	0x20, 0x00, 0x6D,
	0x0A, 0xF0, 0xA2,
	0x00, 0x10, 0x49,
	0x61, 0xF4, 0x00,
	0x00, 0x10, 0xC2,
	0x20, 0xCE, 0x00,
	0x61, 0x70, 0x00,
	0x00, 0x01, 0xFC,
	0x0C, 0x1E, 0x90,
	0x47, 0xF4, 0x40,
	0x00, 0x00, 0x01,
	0x47, 0x70, 0x00,
	0x00, 0x00, 0x41,
	0x54, 0x70, 0x00,
	0x00, 0x00, 0x43,
	0x47, 0xF4, 0x00,
	0x0D, 0x52, 0xC9,
	0x47, 0x0D, 0x00,
	0x0A, 0xF0, 0x80,
	0x00, 0xC7, 0x19,
	0x57, 0xF4, 0x00,
	0x00, 0xA8, 0x00,
	0x20, 0x00, 0x6D,
	0x0A, 0xF0, 0xA2,
	0x00, 0x10, 0x5F,
	0x61, 0xF4, 0x00,
	0x00, 0x10, 0xCE,
	0x20, 0xCE, 0x00,
	0x61, 0x70, 0x00,
	0x00, 0x01, 0xFC,
	0x0C, 0x1E, 0x90,
	0x47, 0xF4, 0x40,
	0x00, 0x00, 0x01,
	0x47, 0x70, 0x00,
	0x00, 0x00, 0x41,
	0x56, 0x70, 0x00,
	0x00, 0x00, 0x43,
	0x47, 0xF4, 0x00,
	0x0D, 0x52, 0xC9,
	0x47, 0x0D, 0x00,
	0x0A, 0xF0, 0x80,
	0x00, 0xC7, 0x19,
	0x57, 0xF4, 0x00,
	0x00, 0xAB, 0x00,
	0x20, 0x00, 0x6D,
	0x0A, 0xF0, 0xA2,
	0x00, 0x10, 0x77,
	0x61, 0xF4, 0x00,
	0x00, 0x10, 0xC2,
	0x20, 0xCE, 0x00,
	0x61, 0x70, 0x00,
	0x00, 0x01, 0xFC,
	0x0C, 0x1E, 0x90,
	0x46, 0xF4, 0x40,
	0xFF, 0x00, 0x00,
	0x47, 0xF4, 0x52,
	0x00, 0x00, 0x01,
	0x47, 0x70, 0x00,
	0x00, 0x00, 0x41,
	0x54, 0x70, 0x00,
	0x00, 0x00, 0x43,
	0x47, 0xF4, 0x00,
	0x0D, 0x52, 0xC9,
	0x47, 0x0D, 0x00,
	0x0A, 0xF0, 0x80,
	0x00, 0xC7, 0x19,
	0x57, 0xF4, 0x00,
	0x00, 0xAD, 0x00,
	0x20, 0x00, 0x6D,
	0x0A, 0xF0, 0xA2,
	0x00, 0x10, 0x8F,
	0x61, 0xF4, 0x00,
	0x00, 0x10, 0xCE,
	0x20, 0xCE, 0x00,
	0x61, 0x70, 0x00,
	0x00, 0x01, 0xFC,
	0x0C, 0x1E, 0x90,
	0x46, 0xF4, 0x40,
	0xFF, 0x00, 0x00,
	0x47, 0xF4, 0x52,
	0x00, 0x00, 0x01,
	0x47, 0x70, 0x00,
	0x00, 0x00, 0x41,
	0x54, 0x70, 0x00,
	0x00, 0x00, 0x43,
	0x47, 0xF4, 0x00,
	0x0D, 0x52, 0xC9,
	0x47, 0x0D, 0x00,
	0x0A, 0xF0, 0x80,
	0x00, 0xC7, 0x19,
	0x57, 0xF4, 0x00,
	0x00, 0xCF, 0x00,
	0x20, 0x00, 0x6D,
	0x0A, 0xF0, 0xA2,
	0x00, 0x10, 0x9B,
	0x20, 0xCE, 0x00,
	0x0C, 0x1E, 0x90,
	0x20, 0x00, 0x42,
	0x0B, 0xF0, 0x80,
	0x00, 0x11, 0x1C,
	0x0A, 0xF0, 0x80,
	0x00, 0xC7, 0x19,
	0x57, 0xF4, 0x00,
	0x00, 0xF5, 0x00,
	0x20, 0x00, 0x6D,
	0x0A, 0xF0, 0xA2,
	0x00, 0x10, 0xA8,
	0x56, 0x94, 0x00,
	0x0C, 0x1E, 0xD4,
	0x20, 0x00, 0x43,
	0x0A, 0xCC, 0x00,
	0x00, 0xC7, 0x19,
	0x0B, 0x14, 0x0A,
	0x0A, 0xF0, 0x80,
	0x00, 0x11, 0x13,
	0x0A, 0xF0, 0x80,
	0x00, 0xC3, 0xC5,
	0x05, 0xF4, 0x20,
	0xFF, 0xFF, 0xFF,
	0x60, 0xF0, 0x00,
	0x00, 0x00, 0x42,
	0x56, 0x8F, 0x00,
	0x47, 0xF4, 0x00,
	0x00, 0x00, 0x01,
	0x57, 0xF0, 0x00,
	0x00, 0x00, 0x40,
	0x07, 0x58, 0x8C,
	0x60, 0x70, 0x7C,
	0x00, 0x00, 0x42,
	0x0A, 0xF0, 0xA2,
	0x00, 0x10, 0xBF,
	0x61, 0xF4, 0x00,
	0x00, 0x0F, 0x43,
	0x61, 0x70, 0x00,
	0x00, 0x01, 0xFC,
	0x47, 0xF4, 0x00,
	0x00, 0x00, 0x00,
	0x47, 0x0D, 0x00,
	0x57, 0x70, 0x00,
	0x00, 0x00, 0x40,
	0x00, 0x00, 0x0C,
	0x05, 0xF4, 0x20,
	0xFF, 0xFF, 0xFF,
	0x47, 0xF4, 0x00,
	0x00, 0x00, 0x01,
	0x45, 0x8F, 0x00,
	0x60, 0xF0, 0x00,
	0x00, 0x00, 0x43,
	0x57, 0xF0, 0x00,
	0x00, 0x00, 0x41,
	0x45, 0x58, 0x00,
	0x0A, 0xF0, 0x80,
	0x00, 0x10, 0xD6,
	0x47, 0xF4, 0x00,
	0x00, 0x00, 0x01,
	0x45, 0x8F, 0x00,
	0x60, 0xF0, 0x00,
	0x00, 0x00, 0x43,
	0x57, 0xF0, 0x00,
	0x00, 0x00, 0x41,
	0x4D, 0x58, 0x00,
	0x60, 0x70, 0x7C,
	0x00, 0x00, 0x43,
	0x0A, 0xF0, 0xA2,
	0x00, 0x10, 0xE1,
	0x61, 0xF4, 0x00,
	0x00, 0x0F, 0x43,
	0x61, 0x70, 0x00,
	0x00, 0x01, 0xFC,
	0x47, 0xF4, 0x00,
	0x00, 0x00, 0x00,
	0x47, 0x0D, 0x00,
	0x57, 0x70, 0x00,
	0x00, 0x00, 0x41,
	0x00, 0x00, 0x0C,
	0x47, 0xF4, 0x00,
	0x00, 0x00, 0x01,
	0x47, 0x70, 0x00,
	0x00, 0x00, 0x41,
	0x61, 0xF4, 0x00,
	0x00, 0x10, 0xCE,
	0x0B, 0xE1, 0x80,
	0x60, 0xF0, 0x00,
	0x00, 0x03, 0x7F,
	0x0A, 0x60, 0x60,
	0x00, 0x00, 0x0C,
	0x0A, 0x70, 0x60,
	0x00, 0x03, 0x9C,
	0x0A, 0x70, 0x62,
	0x00, 0x03, 0x9C,
	0x60, 0xF4, 0x00,
	0x00, 0x03, 0x9D,
	0x20, 0x58, 0x00,
	0x46, 0xF4, 0x00,
	0x7F, 0xFF, 0xFF,
	0x0A, 0xC4, 0x00,
	0x00, 0x10, 0xFC,
	0x46, 0xF4, 0x00,
	0x2D, 0x6A, 0x86,
	0x4E, 0x60, 0x00,
	0x00, 0x00, 0x0C,
	0x44, 0xF0, 0x00,
	0x00, 0x01, 0xA9,
	0x45, 0xF0, 0x00,
	0x00, 0x01, 0xAA,
	0x45, 0x70, 0x00,
	0x00, 0x01, 0xA9,
	0x44, 0x70, 0x00,
	0x00, 0x01, 0xAA,
	0x44, 0xF0, 0x00,
	0x00, 0x01, 0xAB,
	0x45, 0xF0, 0x00,
	0x00, 0x01, 0xAC,
	0x45, 0x70, 0x00,
	0x00, 0x01, 0xAB,
	0x44, 0x70, 0x00,
	0x00, 0x01, 0xAC,
	0x00, 0x00, 0x0C,
	0x0B, 0xF0, 0x80,
	0x00, 0xC9, 0x95,
	0x0C, 0x94, 0x8A,
	0x00, 0x00, 0x0A,
	0x4E, 0xF0, 0x00,
	0x00, 0x03, 0x82,
	0x4F, 0xF0, 0x00,
	0x00, 0x03, 0x83,
	0x4F, 0x70, 0x00,
	0x00, 0x03, 0x82,
	0x4E, 0x70, 0x00,
	0x00, 0x03, 0x83,
	0x00, 0x00, 0x0C,
	0x0A, 0xCC, 0x02,
	0x00, 0x11, 0x1F,
	0x0A, 0xCC, 0x63,
	0x54, 0x70, 0x00,
	0x00, 0x00, 0x46,
	0x00, 0x00, 0x0C,
	0x02, 0xA7, 0xE0,  // Generic Write (X)
	0x00, 0x00, 0x00,
	0x02, 0xA7, 0xE1,  // Generic Write (X)
	0x00, 0x00, 0x00,
	0x02, 0xA7, 0xE2,  // Generic Write (X)
	0x02, 0x55, 0x96,
	0x02, 0xA7, 0xE3,  // Generic Write (X)
	0x02, 0x79, 0x1F,
	0x02, 0xA7, 0xE4,  // Generic Write (X)
	0x02, 0x9E, 0xC5,
	0x02, 0xA7, 0xE5,  // Generic Write (X)
	0x02, 0xC6, 0xA8,
	0x02, 0xA7, 0xE6,  // Generic Write (X)
	0x02, 0xF0, 0xEA,
	0x02, 0xA7, 0xE7,  // Generic Write (X)
	0x03, 0x1D, 0xAF,
	0x02, 0xA7, 0xE8,  // Generic Write (X)
	0x03, 0x4D, 0x1E,
	0x02, 0xA7, 0xE9,  // Generic Write (X)
	0x03, 0x7F, 0x5F,
	0x02, 0xA7, 0xEA,  // Generic Write (X)
	0x03, 0xB4, 0x9D,
	0x02, 0xA7, 0xEB,  // Generic Write (X)
	0x03, 0xED, 0x05,
	0x02, 0xA7, 0xEC,  // Generic Write (X)
	0x04, 0x28, 0xC8,
	0x02, 0xA7, 0xED,  // Generic Write (X)
	0x04, 0x68, 0x19,
	0x02, 0xA7, 0xEE,  // Generic Write (X)
	0x04, 0xAB, 0x2D,
	0x02, 0xA7, 0xEF,  // Generic Write (X)
	0x04, 0xF2, 0x3F,
	0x02, 0xA7, 0xF0,  // Generic Write (X)
	0x05, 0x3D, 0x8A,
	0x02, 0xA7, 0xF1,  // Generic Write (X)
	0x05, 0x8D, 0x50,
	0x02, 0xA7, 0xF2,  // Generic Write (X)
	0x05, 0xE1, 0xD4,
	0x02, 0xA7, 0xF3,  // Generic Write (X)
	0x06, 0x3B, 0x5F,
	0x02, 0xA7, 0xF4,  // Generic Write (X)
	0x06, 0x9A, 0x3D,
	0x02, 0xA7, 0xF5,  // Generic Write (X)
	0x06, 0xFE, 0xBF,
	0x02, 0xA7, 0xF6,  // Generic Write (X)
	0x07, 0x69, 0x3B,
	0x02, 0xA7, 0xF7,  // Generic Write (X)
	0x07, 0xDA, 0x0C,
	0x02, 0xA7, 0xF8,  // Generic Write (X)
	0x08, 0x51, 0x92,
	0x02, 0xA7, 0xF9,  // Generic Write (X)
	0x08, 0xD0, 0x34,
	0x02, 0xA7, 0xFA,  // Generic Write (X)
	0x09, 0x56, 0x5D,
	0x02, 0xA7, 0xFB,  // Generic Write (X)
	0x09, 0xE4, 0x81,
	0x02, 0xA7, 0xFC,  // Generic Write (X)
	0x0A, 0x7B, 0x19,
	0x02, 0xA7, 0xFD,  // Generic Write (X)
	0x0B, 0x1A, 0xA6,
	0x02, 0xA7, 0xFE,  // Generic Write (X)
	0x0B, 0xC3, 0xAF,
	0x02, 0xA7, 0xFF,  // Generic Write (X)
	0x0C, 0x76, 0xC5,
	0x03, 0xA7, 0x00,  // Generic Write (X)
	0x0D, 0x34, 0x82,
	0x03, 0xA7, 0x01,  // Generic Write (X)
	0x0D, 0xFD, 0x88,
	0x03, 0xA7, 0x02,  // Generic Write (X)
	0x0E, 0xD2, 0x82,
	0x03, 0xA7, 0x03,  // Generic Write (X)
	0x0F, 0xB4, 0x26,
	0x03, 0xA7, 0x04,  // Generic Write (X)
	0x10, 0xA3, 0x36,
	0x03, 0xA7, 0x05,  // Generic Write (X)
	0x11, 0xA0, 0x7D,
	0x03, 0xA7, 0x06,  // Generic Write (X)
	0x12, 0xAC, 0xD4,
	0x03, 0xA7, 0x07,  // Generic Write (X)
	0x13, 0xC9, 0x21,
	0x03, 0xA7, 0x08,  // Generic Write (X)
	0x14, 0xF6, 0x56,
	0x03, 0xA7, 0x09,  // Generic Write (X)
	0x16, 0x35, 0x76,
	0x03, 0xA7, 0x0A,  // Generic Write (X)
	0x17, 0x87, 0x91,
	0x03, 0xA7, 0x0B,  // Generic Write (X)
	0x18, 0xED, 0xC8,
	0x03, 0xA7, 0x0C,  // Generic Write (X)
	0x1A, 0x69, 0x4D,
	0x03, 0xA7, 0x0D,  // Generic Write (X)
	0x1B, 0xFB, 0x66,
	0x03, 0xA7, 0x0E,  // Generic Write (X)
	0x1D, 0xA5, 0x6A,
	0x03, 0xA7, 0x0F,  // Generic Write (X)
	0x1F, 0x68, 0xC5,
	0x03, 0xA7, 0x10,  // Generic Write (X)
	0x21, 0x46, 0xFB,
	0x03, 0xA7, 0x11,  // Generic Write (X)
	0x23, 0x41, 0xA5,
	0x03, 0xA7, 0x12,  // Generic Write (X)
	0x25, 0x5A, 0x74,
	0x03, 0xA7, 0x13,  // Generic Write (X)
	0x27, 0x93, 0x34,
	0x03, 0xA7, 0x14,  // Generic Write (X)
	0x29, 0xED, 0xCD,
	0x03, 0xA7, 0x15,  // Generic Write (X)
	0x2C, 0x6C, 0x42,
	0x03, 0xA7, 0x16,  // Generic Write (X)
	0x2F, 0x10, 0xB8,
	0x03, 0xA7, 0x17,  // Generic Write (X)
	0x31, 0xDD, 0x73,
	0x03, 0xA7, 0x18,  // Generic Write (X)
	0x34, 0xD4, 0xDA,
	0x03, 0xA7, 0x19,  // Generic Write (X)
	0x37, 0xF9, 0x78,
	0x03, 0xA7, 0x1A,  // Generic Write (X)
	0x3B, 0x4E, 0x02,
	0x03, 0xA7, 0x1B,  // Generic Write (X)
	0x3E, 0xD5, 0x54,
	0x03, 0xA7, 0x1C,  // Generic Write (X)
	0x01, 0x0A, 0x4A,
	0x03, 0xA7, 0x1D,  // Generic Write (X)
	0x01, 0x1A, 0x23,
	0x03, 0xA7, 0x1E,  // Generic Write (X)
	0x01, 0x2A, 0xED,
	0x03, 0xA7, 0x1F,  // Generic Write (X)
	0x01, 0x3C, 0xB8,
	0x03, 0xA7, 0x20,  // Generic Write (X)
	0x01, 0x4F, 0x92,
	0x03, 0xA7, 0x21,  // Generic Write (X)
	0x01, 0x63, 0x8D,
	0x03, 0xA7, 0x22,  // Generic Write (X)
	0x01, 0x78, 0xB9,
	0x03, 0xA7, 0x23,  // Generic Write (X)
	0x01, 0x8F, 0x28,
	0x03, 0xA7, 0x24,  // Generic Write (X)
	0x01, 0xA6, 0xEF,
	0x03, 0xA7, 0x25,  // Generic Write (X)
	0x01, 0xC0, 0x21,
	0x03, 0xA7, 0x26,  // Generic Write (X)
	0x01, 0xDA, 0xD6,
	0x03, 0xA7, 0x27,  // Generic Write (X)
	0x01, 0xF7, 0x24,
	0x03, 0xA7, 0x28,  // Generic Write (X)
	0x02, 0x15, 0x24,
	0x03, 0xA7, 0x29,  // Generic Write (X)
	0x02, 0x34, 0xF1,
	0x03, 0xA7, 0x2A,  // Generic Write (X)
	0x02, 0x56, 0xA6,
	0x03, 0xA7, 0x2B,  // Generic Write (X)
	0x02, 0x7A, 0x63,
	0x03, 0xA7, 0x2C,  // Generic Write (X)
	0x02, 0xA0, 0x46,
	0x03, 0xA7, 0x2D,  // Generic Write (X)
	0x02, 0xC8, 0x71,
	0x03, 0xA7, 0x2E,  // Generic Write (X)
	0x02, 0xF3, 0x0A,
	0x03, 0xA7, 0x2F,  // Generic Write (X)
	0x03, 0x20, 0x37,
	0x03, 0xA7, 0x30,  // Generic Write (X)
	0x03, 0x50, 0x20,
	0x03, 0xA7, 0x31,  // Generic Write (X)
	0x03, 0x82, 0xF4,
	0x03, 0xA7, 0x32,  // Generic Write (X)
	0x03, 0xB8, 0xE0,
	0x03, 0xA7, 0x33,  // Generic Write (X)
	0x03, 0xF2, 0x17,
	0x03, 0xA7, 0x34,  // Generic Write (X)
	0x04, 0x2E, 0xD1,
	0x03, 0xA7, 0x35,  // Generic Write (X)
	0x04, 0x6F, 0x48,
	0x03, 0xA7, 0x36,  // Generic Write (X)
	0x04, 0xB3, 0xBA,
	0x03, 0xA7, 0x37,  // Generic Write (X)
	0x04, 0xFC, 0x6D,
	0x03, 0xA7, 0x38,  // Generic Write (X)
	0x05, 0x49, 0xA9,
	0x03, 0xA7, 0x39,  // Generic Write (X)
	0x05, 0x9B, 0xBF,
	0x03, 0xA7, 0x3A,  // Generic Write (X)
	0x05, 0xF3, 0x04,
	0x03, 0xA7, 0x3B,  // Generic Write (X)
	0x06, 0x4F, 0xD8,
	0x03, 0xA7, 0x3C,  // Generic Write (X)
	0x06, 0xB2, 0xA2,
	0x03, 0xA7, 0x3D,  // Generic Write (X)
	0x07, 0x1B, 0xD1,
	0x03, 0xA7, 0x3E,  // Generic Write (X)
	0x07, 0x8B, 0xE2,
	0x03, 0xA7, 0x3F,  // Generic Write (X)
	0x08, 0x03, 0x5E,
	0x03, 0xA7, 0x40,  // Generic Write (X)
	0x08, 0x82, 0xDC,
	0x03, 0xA7, 0x41,  // Generic Write (X)
	0x09, 0x0B, 0x05,
	0x03, 0xA7, 0x42,  // Generic Write (X)
	0x09, 0x9C, 0x95,
	0x03, 0xA7, 0x43,  // Generic Write (X)
	0x0A, 0x38, 0x5E,
	0x03, 0xA7, 0x44,  // Generic Write (X)
	0x0A, 0xDF, 0x51,
	0x03, 0xA7, 0x45,  // Generic Write (X)
	0x0B, 0x92, 0x7D,
	0x03, 0xA7, 0x46,  // Generic Write (X)
	0x0C, 0x53, 0x17,
	0x03, 0xA7, 0x47,  // Generic Write (X)
	0x0D, 0x22, 0x84,
	0x03, 0xA7, 0x48,  // Generic Write (X)
	0x0E, 0x02, 0x61,
	0x03, 0xA7, 0x49,  // Generic Write (X)
	0x0E, 0xF4, 0x91,
	0x03, 0xA7, 0x4A,  // Generic Write (X)
	0x0F, 0xFB, 0x4D,
	0x03, 0xA7, 0x4B,  // Generic Write (X)
	0x11, 0x19, 0x37,
	0x03, 0xA7, 0x4C,  // Generic Write (X)
	0x12, 0x51, 0x77,
	0x03, 0xA7, 0x4D,  // Generic Write (X)
	0x13, 0xA7, 0xE3,
	0x03, 0xA7, 0x4E,  // Generic Write (X)
	0x15, 0x21, 0x2B,
	0x03, 0xA7, 0x4F,  // Generic Write (X)
	0x16, 0xC3, 0x21,
	0x03, 0xA7, 0x50,  // Generic Write (X)
	0x18, 0x95, 0x18,
	0x03, 0xA7, 0x51,  // Generic Write (X)
	0x1A, 0xA0, 0x69,
	0x03, 0xA7, 0x52,  // Generic Write (X)
	0x1C, 0xF1, 0x39,
	0x03, 0xA7, 0x53,  // Generic Write (X)
	0x1F, 0x97, 0xA2,
	0x03, 0xA7, 0x54,  // Generic Write (X)
	0x22, 0xA9, 0x72,
	0x03, 0xA7, 0x55,  // Generic Write (X)
	0x26, 0x45, 0x00,
	0x03, 0xA7, 0x56,  // Generic Write (X)
	0x2A, 0x95, 0xCE,
	0x03, 0xA7, 0x57,  // Generic Write (X)
	0x2F, 0xDC, 0xA1,
	0x03, 0xA7, 0x58,  // Generic Write (X)
	0x36, 0x7E, 0x5D,
	0x03, 0xA7, 0x59,  // Generic Write (X)
	0x3F, 0x21, 0x66,
	0x03, 0xA7, 0x5A,  // Generic Write (X)
	0x4A, 0xED, 0x42,
	0x03, 0xA7, 0x5B,  // Generic Write (X)
	0x5C, 0x26, 0x73,
	0x03, 0xA7, 0x5C,  // Generic Write (X)
	0x77, 0xF3, 0xD5,
	0x03, 0xA7, 0x5D,  // Generic Write (X)
	0x77, 0xF3, 0xD5,
	0x03, 0xA7, 0x5E,  // Generic Write (X)
	0x77, 0xF3, 0xD5,
	0x03, 0xA7, 0x5F,  // Generic Write (X)
	0x77, 0xF3, 0xD5,
	0x03, 0xA7, 0x60,  // Generic Write (X)
	0x77, 0xF3, 0xD5,
	0x03, 0xA7, 0x61,  // Generic Write (X)
	0x77, 0xF3, 0xD5,
	0x03, 0xA7, 0x62,  // Generic Write (X)
	0x77, 0xF3, 0xD5,
	0x03, 0xA7, 0x63,  // Generic Write (X)
	0x77, 0xF3, 0xD5,
	0x03, 0xA7, 0x64,  // Generic Write (X)
	0x77, 0xF3, 0xD5,
	0x03, 0xA7, 0x65,  // Generic Write (X)
	0x77, 0xF3, 0xD5,
	0x03, 0xA7, 0x66,  // Generic Write (X)
	0x77, 0xF3, 0xD5,
	0x03, 0xA7, 0x67,  // Generic Write (X)
	0x77, 0xF3, 0xD5,
	0x00, 0xAC, 0x00,  // Setup Completed (end initialization state and start audio processing state)
	0x00, 0xF0, 0x00,  // Disable MaxxVolume to MaxxBass Correlation
	0x01, 0xF1, 0xD6,  // Correlation Threshold
	0x00, 0xF2, 0x01,  // Correlation Ratio
	0x00, 0xF3, 0x00,  // Disable Midnight Mode
	0x00, 0xF4, 0x01,  // Sub EQ - Active, No Reset
	0x00, 0xAC, 0x00,  // Setup Completed (end initialization state and start audio processing state)
};
#endif
static unsigned char MaxxAudio_Cmd_Standard_Alg[] =
{
	0x00, 0xF4, 0x00,  // Sub EQ - Bypass, No Reset
	0x01, 0xF4, 0x01,  // Sub EQ - Active, Reset
	0x00, 0xF4, 0x00,  // Sub EQ - Bypass, No Reset
	0x01, 0xF4, 0x01,  // Sub EQ - Active, Reset
	0x00, 0xC2, 0x00,  // Set Speaker Type (Also disable Bypass) : 2.0 Mode
	0x00, 0xC9, 0x78,  // Set Balance  L-CH: 0dB,  R-CH: 0dB.
	0x00, 0xDF, 0x1E,  // Set Leveler Target : -6.00 dB
	0x00, 0xDB, 0x78,  // Set Leveler Range : -24.00 dB
	0x00, 0xDB, 0x78,  // Set Leveler Range : -24.00 dB
	0x00, 0xC7, 0x00,  // Set Soft Mute : Un-Mute (NOTE: Add soft-mute fade time delay)
	0x00, 0xE0, 0x0A,  // Set Soft-Mute Fade Time : 10 msec
	0x00, 0xD5, 0x6E,  // Set MaxxBass Cutoff Freq : 118.9 Hz
	0x00, 0xE3, 0x56,  // Set Front High-Pass Freq : 59.9 Hz
	0x00, 0xCF, 0x00,  // Set Bypass Algorithm. Bypass is disabled for all algorithms.
	0x00, 0xE1, 0x70,  // Set MaxxBass Noise Gate Threshold : -100 dB
	0x00, 0xCB, 0x00,  // Set Original Bass : Disable adding original bass
	0x00, 0xE2, 0x2F,  // Set MaxxBass Noise Gate Gap : -47 dB
	0x00, 0xD9, 0x62,  // Set MaxxTreble Freq : 8612.9 Hz
	0x00, 0xE5, 0x2F,  // Set MaxxTreble Noise Gate Gap : -47 dB
	0x00, 0xE4, 0x70,  // Set MaxxTreble Noise Gate Threshold : -100 dB
	0x00, 0xD7, 0x30,  // Set SubCrossover : 20.0 Hz
	0x01, 0xD0, 0xBA,  // Set MaxxVolume Gain : 8.40 dB
	0x00, 0xC6, 0x01,  // Set Leveler : OFF
	0x00, 0xDD, 0x01,  // Set MaxxVolume Type : Hard-Knee
	0x00, 0xD4, 0x40,  // Set MaxxVolume Dynamic Range : -50 dB
	0x00, 0xDA, 0x1E,  // Set MaxxVolume Low Gain : 15.00 dB
	0x00, 0xDC, 0x10,  // Set MaxxVolume Noise Gate : -80 dB
	0x00, 0xA1, 0x05,  // Load PEQ Start
	0x00, 0x00, 0x00,  // Ch: 1
	0x00, 0x00, 0x00,  // Type: Bell
	0x00, 0x00, 0x27,  // Freq: 152 Hz
	0x00, 0x00, 0x51,  // Q: 3.97
	0x00, 0x00, 0x2A,  // Gain: -6.2
	0x00, 0xD8, 0x00,  // Load PEQ End
	0x00, 0xA1, 0x05,  // Load PEQ Start
	0x00, 0x00, 0x01,  // Ch: 2
	0x00, 0x00, 0x00,  // Type: Bell
	0x00, 0x00, 0x2C,  // Freq: 203 Hz
	0x00, 0x00, 0x5C,  // Q: 4.46
	0x00, 0x00, 0x25,  // Gain: -7.6
	0x00, 0xD8, 0x00,  // Load PEQ End
	0x00, 0xA1, 0x05,  // Load PEQ Start
	0x00, 0x00, 0x02,  // Ch: 3
	0x00, 0x00, 0x00,  // Type: Bell
	0x00, 0x00, 0x31,  // Freq: 271 Hz
	0x00, 0x00, 0x34,  // Q: 2.69
	0x00, 0x00, 0x18,  // Gain: -11.3
	0x00, 0xD8, 0x00,  // Load PEQ End
	0x00, 0xA1, 0x05,  // Load PEQ Start
	0x00, 0x00, 0x03,  // Ch: 4
	0x00, 0x00, 0x00,  // Type: Bell
	0x00, 0x00, 0x20,  // Freq: 102 Hz
	0x00, 0x00, 0x46,  // Q: 3.49
	0x00, 0x00, 0x33,  // Gain: -3.7
	0x00, 0xD8, 0x00,  // Load PEQ End
	0x00, 0xA1, 0x05,  // Load PEQ Start
	0x00, 0x00, 0x04,  // Ch: 5
	0x00, 0x00, 0x00,  // Type: Bell
	0x00, 0x00, 0x39,  // Freq: 431 Hz
	0x00, 0x00, 0x73,  // Q: 5.47
	0x00, 0x00, 0x2A,  // Gain: -6.2
	0x00, 0xD8, 0x00,  // Load PEQ End
	0x00, 0xA1, 0x05,  // Load PEQ Start
	0x00, 0x00, 0x05,  // Ch: 6
	0x00, 0x00, 0x00,  // Type: Bell
	0x00, 0x00, 0x3E,  // Freq: 575 Hz
	0x00, 0x00, 0x51,  // Q: 3.97
	0x00, 0x00, 0x2D,  // Gain: -5.4
	0x00, 0xD8, 0x00,  // Load PEQ End
	0x00, 0xA1, 0x05,  // Load PEQ Start
	0x00, 0x00, 0x06,  // Ch: 7
	0x00, 0x00, 0x00,  // Type: Bell
	0x00, 0x00, 0x45,  // Freq: 861 Hz
	0x00, 0x00, 0x64,  // Q: 4.81
	0x00, 0x00, 0x2E,  // Gain: -5.1
	0x00, 0xD8, 0x00,  // Load PEQ End
	0x00, 0xA1, 0x05,  // Load PEQ Start
	0x00, 0x00, 0x07,  // Ch: 8
	0x00, 0x00, 0x00,  // Type: Bell
	0x00, 0x00, 0x49,  // Freq: 1085 Hz
	0x00, 0x00, 0x68,  // Q: 4.99
	0x00, 0x00, 0x2D,  // Gain: -5.4
	0x00, 0xD8, 0x00,  // Load PEQ End
	0x00, 0xA1, 0x05,  // Load PEQ Start
	0x00, 0x00, 0x08,  // Ch: 9
	0x00, 0x00, 0x00,  // Type: Bell
	0x00, 0x00, 0x59,  // Freq: 2734 Hz
	0x00, 0x00, 0x64,  // Q: 4.81
	0x00, 0x00, 0x2F,  // Gain: -4.8
	0x00, 0xD8, 0x00,  // Load PEQ End
	0x00, 0xA1, 0x05,  // Load PEQ Start
	0x00, 0x00, 0x09,  // Ch: 10
	0x00, 0x00, 0x00,  // Type: Bell
	0x00, 0x00, 0x63,  // Freq: 4871 Hz
	0x00, 0x00, 0x56,  // Q: 4.19
	0x00, 0x00, 0x2C,  // Gain: -5.6
	0x00, 0xD8, 0x00,  // Load PEQ End
	0x00, 0xCF, 0x01,  // Set Bypass Algorithm. Bypass is enabled for : High Pass Filter,
	0x00, 0xD1, 0x00,  // Set MaxxBass Intensity : 0.0 %
	0x00, 0xD1, 0x09,  // Set MaxxBass Intensity : 11.8 %
	0x00, 0xD1, 0x12,  // Set MaxxBass Intensity : 23.7 %
	0x00, 0xD1, 0x1B,  // Set MaxxBass Intensity : 35.5 %
	0x00, 0xD1, 0x24,  // Set MaxxBass Intensity : 47.4 %
	0x00, 0xD1, 0x2D,  // Set MaxxBass Intensity : 59.2 %
	0x00, 0xD1, 0x36,  // Set MaxxBass Intensity : 71.1 %
	0x00, 0xD1, 0x3F,  // Set MaxxBass Intensity : 82.9 %
	0x00, 0xD1, 0x48,  // Set MaxxBass Intensity : 94.7 %
	0x00, 0xD1, 0x4C,  // Set MaxxBass Intensity : 100.0 %
	0x00, 0xD1, 0x1E,  // Set MaxxBass Intensity : 39.5 %
	0x00, 0xCF, 0x00,  // Set Bypass Algorithm. Bypass is disabled for all algorithms.
	0x00, 0xD2, 0x2C,  // Set MaxxTreble Intensity : 34.6 %
	0x00, 0xCF, 0x00,  // Set Bypass Algorithm. Bypass is disabled for all algorithms.
	0x00, 0xD3, 0x13,  // Set Maxx3D Intensity : 25.0 %
	0x00, 0xD6, 0x0E,  // Set Maxx3D Mode : SF 44.1KHz/48KHz, Speaker Span Normal, Low-Pass 3 dB
	0x00, 0xCF, 0x00,  // Set Bypass Algorithm. Bypass is disabled for all algorithms.
	0x00, 0xE8, 0x43,  // Set MaxxDialog Level : 52.8 %
	0x00, 0xE9, 0x3B,  // Set MaxxDialog Side Level : 46.5 %
	0x00, 0xCF, 0x00,  // Set Bypass Algorithm. Bypass is disabled for all algorithms.
	0x00, 0xF0, 0x00,  // Disable MaxxVolume to MaxxBass Correlation
	0x01, 0xF1, 0xD6,  // Correlation Threshold
	0x00, 0xF2, 0x01,  // Correlation Ratio
	0x00, 0xF3, 0x00,  // Disable Midnight Mode
	0x00, 0xF4, 0x01,  // Sub EQ - Active, No Reset
};

static unsigned char MaxxAudio_Cmd_Resounding_Alg[] =
{
	0x00, 0xF4, 0x00,  // Sub EQ - Bypass, No Reset
	0x01, 0xF4, 0x01,  // Sub EQ - Active, Reset
	0x00, 0xF4, 0x00,  // Sub EQ - Bypass, No Reset
	0x01, 0xF4, 0x01,  // Sub EQ - Active, Reset
	0x00, 0xC2, 0x00,  // Set Speaker Type (Also disable Bypass) : 2.0 Mode
	0x00, 0xC9, 0x78,  // Set Balance  L-CH: 0dB,  R-CH: 0dB.
	0x00, 0xDF, 0x1E,  // Set Leveler Target : -6.00 dB
	0x00, 0xDB, 0x78,  // Set Leveler Range : -24.00 dB
	0x00, 0xDB, 0x78,  // Set Leveler Range : -24.00 dB
	0x00, 0xC7, 0x00,  // Set Soft Mute : Un-Mute (NOTE: Add soft-mute fade time delay)
	0x00, 0xE0, 0x0A,  // Set Soft-Mute Fade Time : 10 msec
	0x00, 0xD5, 0x6E,  // Set MaxxBass Cutoff Freq : 118.9 Hz
	0x00, 0xE3, 0x56,  // Set Front High-Pass Freq : 59.9 Hz
	0x00, 0xCF, 0x00,  // Set Bypass Algorithm. Bypass is disabled for all algorithms.
	0x00, 0xE1, 0x70,  // Set MaxxBass Noise Gate Threshold : -100 dB
	0x00, 0xCB, 0x00,  // Set Original Bass : Disable adding original bass
	0x00, 0xE2, 0x2F,  // Set MaxxBass Noise Gate Gap : -47 dB
	0x00, 0xD9, 0x5B,  // Set MaxxTreble Freq : 7036.2 Hz
	0x00, 0xE5, 0x2F,  // Set MaxxTreble Noise Gate Gap : -47 dB
	0x00, 0xE4, 0x70,  // Set MaxxTreble Noise Gate Threshold : -100 dB
	0x00, 0xD7, 0x30,  // Set SubCrossover : 20.0 Hz
	0x01, 0xD0, 0xBA,  // Set MaxxVolume Gain : 8.40 dB
	0x00, 0xC6, 0x01,  // Set Leveler : OFF
	0x00, 0xDD, 0x01,  // Set MaxxVolume Type : Hard-Knee
	0x00, 0xD4, 0x4A,  // Set MaxxVolume Dynamic Range : -45 dB
	0x00, 0xDA, 0x30,  // Set MaxxVolume Low Gain : 24.00 dB
	0x00, 0xDC, 0x10,  // Set MaxxVolume Noise Gate : -80 dB
	0x00, 0xA1, 0x05,  // Load PEQ Start
	0x00, 0x00, 0x00,  // Ch: 1
	0x00, 0x00, 0x00,  // Type: Bell
	0x00, 0x00, 0x27,  // Freq: 152 Hz
	0x00, 0x00, 0x51,  // Q: 3.97
	0x00, 0x00, 0x2A,  // Gain: -6.2
	0x00, 0xD8, 0x00,  // Load PEQ End
	0x00, 0xA1, 0x05,  // Load PEQ Start
	0x00, 0x00, 0x01,  // Ch: 2
	0x00, 0x00, 0x00,  // Type: Bell
	0x00, 0x00, 0x2C,  // Freq: 203 Hz
	0x00, 0x00, 0x5C,  // Q: 4.46
	0x00, 0x00, 0x25,  // Gain: -7.6
	0x00, 0xD8, 0x00,  // Load PEQ End
	0x00, 0xA1, 0x05,  // Load PEQ Start
	0x00, 0x00, 0x02,  // Ch: 3
	0x00, 0x00, 0x00,  // Type: Bell
	0x00, 0x00, 0x31,  // Freq: 271 Hz
	0x00, 0x00, 0x34,  // Q: 2.69
	0x00, 0x00, 0x18,  // Gain: -11.3
	0x00, 0xD8, 0x00,  // Load PEQ End
	0x00, 0xA1, 0x05,  // Load PEQ Start
	0x00, 0x00, 0x03,  // Ch: 4
	0x00, 0x00, 0x00,  // Type: Bell
	0x00, 0x00, 0x20,  // Freq: 102 Hz
	0x00, 0x00, 0x51,  // Q: 3.97
	0x00, 0x00, 0x31,  // Gain: -4.2
	0x00, 0xD8, 0x00,  // Load PEQ End
	0x00, 0xA1, 0x05,  // Load PEQ Start
	0x00, 0x00, 0x04,  // Ch: 5
	0x00, 0x00, 0x00,  // Type: Bell
	0x00, 0x00, 0x39,  // Freq: 431 Hz
	0x00, 0x00, 0x73,  // Q: 5.47
	0x00, 0x00, 0x2A,  // Gain: -6.2
	0x00, 0xD8, 0x00,  // Load PEQ End
	0x00, 0xA1, 0x05,  // Load PEQ Start
	0x00, 0x00, 0x05,  // Ch: 6
	0x00, 0x00, 0x00,  // Type: Bell
	0x00, 0x00, 0x3E,  // Freq: 575 Hz
	0x00, 0x00, 0x51,  // Q: 3.97
	0x00, 0x00, 0x2D,  // Gain: -5.4
	0x00, 0xD8, 0x00,  // Load PEQ End
	0x00, 0xA1, 0x05,  // Load PEQ Start
	0x00, 0x00, 0x06,  // Ch: 7
	0x00, 0x00, 0x00,  // Type: Bell
	0x00, 0x00, 0x45,  // Freq: 861 Hz
	0x00, 0x00, 0x64,  // Q: 4.81
	0x00, 0x00, 0x2E,  // Gain: -5.1
	0x00, 0xD8, 0x00,  // Load PEQ End
	0x00, 0xA1, 0x05,  // Load PEQ Start
	0x00, 0x00, 0x07,  // Ch: 8
	0x00, 0x00, 0x00,  // Type: Bell
	0x00, 0x00, 0x49,  // Freq: 1085 Hz
	0x00, 0x00, 0x68,  // Q: 4.99
	0x00, 0x00, 0x2D,  // Gain: -5.4
	0x00, 0xD8, 0x00,  // Load PEQ End
	0x00, 0xA1, 0x05,  // Load PEQ Start
	0x00, 0x00, 0x08,  // Ch: 9
	0x00, 0x00, 0x00,  // Type: Bell
	0x00, 0x00, 0x5C,  // Freq: 3251 Hz
	0x00, 0x00, 0x29,  // Q: 2.21
	0x00, 0x00, 0x30,  // Gain: -4.5
	0x00, 0xD8, 0x00,  // Load PEQ End
	0x00, 0xA1, 0x05,  // Load PEQ Start
	0x00, 0x00, 0x09,  // Ch: 10
	0x00, 0x00, 0x02,  // Type: High Shelf
	0x00, 0x00, 0x6E,  // Freq: 9195 Hz
	0x00, 0x00, 0x17,  // Q: 1.41
	0x00, 0x00, 0x49,  // Gain: 2.5
	0x00, 0xD8, 0x00,  // Load PEQ End
	0x00, 0xCF, 0x01,  // Set Bypass Algorithm. Bypass is enabled for : High Pass Filter,
	0x00, 0xD1, 0x00,  // Set MaxxBass Intensity : 0.0 %
	0x00, 0xD1, 0x09,  // Set MaxxBass Intensity : 11.8 %
	0x00, 0xD1, 0x12,  // Set MaxxBass Intensity : 23.7 %
	0x00, 0xD1, 0x1B,  // Set MaxxBass Intensity : 35.5 %
	0x00, 0xD1, 0x24,  // Set MaxxBass Intensity : 47.4 %
	0x00, 0xD1, 0x2D,  // Set MaxxBass Intensity : 59.2 %
	0x00, 0xD1, 0x36,  // Set MaxxBass Intensity : 71.1 %
	0x00, 0xD1, 0x3F,  // Set MaxxBass Intensity : 82.9 %
	0x00, 0xD1, 0x48,  // Set MaxxBass Intensity : 94.7 %
	0x00, 0xD1, 0x4C,  // Set MaxxBass Intensity : 100.0 %
	0x00, 0xD1, 0x1E,  // Set MaxxBass Intensity : 39.5 %
	0x00, 0xCF, 0x00,  // Set Bypass Algorithm. Bypass is disabled for all algorithms.
	0x00, 0xD2, 0x32,  // Set MaxxTreble Intensity : 39.4 %
	0x00, 0xCF, 0x00,  // Set Bypass Algorithm. Bypass is disabled for all algorithms.
	0x00, 0xD3, 0x1E,  // Set Maxx3D Intensity : 39.5 %
	0x00, 0xD6, 0x11,  // Set Maxx3D Mode : SF 44.1KHz/48KHz, Speaker Span Normal, Low-Pass 6 dB
	0x00, 0xCF, 0x00,  // Set Bypass Algorithm. Bypass is disabled for all algorithms.
	0x00, 0xE8, 0x43,  // Set MaxxDialog Level : 52.8 %
	0x00, 0xE9, 0x47,  // Set MaxxDialog Side Level : 55.9 %
	0x00, 0xCF, 0x00,  // Set Bypass Algorithm. Bypass is disabled for all algorithms.
	0x00, 0xF0, 0x00,  // Disable MaxxVolume to MaxxBass Correlation
	0x01, 0xF1, 0xD6,  // Correlation Threshold
	0x00, 0xF2, 0x01,  // Correlation Ratio
	0x00, 0xF3, 0x00,  // Disable Midnight Mode
	0x00, 0xF4, 0x01,  // Sub EQ - Active, No Reset
};

static unsigned char MaxxAudio_Cmd_Relaxing_Alg[] =
{
	0x00, 0xF4, 0x00,  // Sub EQ - Bypass, No Reset
	0x01, 0xF4, 0x01,  // Sub EQ - Active, Reset
	0x00, 0xF4, 0x00,  // Sub EQ - Bypass, No Reset
	0x01, 0xF4, 0x01,  // Sub EQ - Active, Reset
	0x00, 0xC2, 0x00,  // Set Speaker Type (Also disable Bypass) : 2.0 Mode
	0x00, 0xC9, 0x78,  // Set Balance  L-CH: 0dB,  R-CH: 0dB.
	0x00, 0xDF, 0x1E,  // Set Leveler Target : -6.00 dB
	0x00, 0xDB, 0x78,  // Set Leveler Range : -24.00 dB
	0x00, 0xDB, 0x78,  // Set Leveler Range : -24.00 dB
	0x00, 0xC7, 0x00,  // Set Soft Mute : Un-Mute (NOTE: Add soft-mute fade time delay)
	0x00, 0xE0, 0x0A,  // Set Soft-Mute Fade Time : 10 msec
	0x00, 0xD5, 0x6E,  // Set MaxxBass Cutoff Freq : 118.9 Hz
	0x00, 0xE3, 0x4C,  // Set Front High-Pass Freq : 44.9 Hz
	0x00, 0xCF, 0x00,  // Set Bypass Algorithm. Bypass is disabled for all algorithms.
	0x00, 0xE1, 0x70,  // Set MaxxBass Noise Gate Threshold : -100 dB
	0x00, 0xCB, 0x00,  // Set Original Bass : Disable adding original bass
	0x00, 0xE2, 0x2F,  // Set MaxxBass Noise Gate Gap : -47 dB
	0x00, 0xD9, 0x67,  // Set MaxxTreble Freq : 9951.0 Hz
	0x00, 0xE5, 0x2F,  // Set MaxxTreble Noise Gate Gap : -47 dB
	0x00, 0xE4, 0x70,  // Set MaxxTreble Noise Gate Threshold : -100 dB
	0x00, 0xD7, 0x30,  // Set SubCrossover : 20.0 Hz
	0x01, 0xD0, 0xBA,  // Set MaxxVolume Gain : 8.40 dB
	0x00, 0xC6, 0x01,  // Set Leveler : OFF
	0x00, 0xDD, 0x00,  // Set MaxxVolume Type : Soft-Knee
	0x00, 0xD4, 0x40,  // Set MaxxVolume Dynamic Range : -50 dB
	0x00, 0xDA, 0x18,  // Set MaxxVolume Low Gain : 12.00 dB
	0x00, 0xDC, 0x10,  // Set MaxxVolume Noise Gate : -80 dB
	0x00, 0xA1, 0x05,  // Load PEQ Start
	0x00, 0x00, 0x00,  // Ch: 1
	0x00, 0x00, 0x00,  // Type: Bell
	0x00, 0x00, 0x27,  // Freq: 152 Hz
	0x00, 0x00, 0x64,  // Q: 4.81
	0x00, 0x00, 0x2C,  // Gain: -5.6
	0x00, 0xD8, 0x00,  // Load PEQ End
	0x00, 0xA1, 0x05,  // Load PEQ Start
	0x00, 0x00, 0x01,  // Ch: 2
	0x00, 0x00, 0x00,  // Type: Bell
	0x00, 0x00, 0x2C,  // Freq: 203 Hz
	0x00, 0x00, 0x68,  // Q: 4.99
	0x00, 0x00, 0x27,  // Gain: -7.0
	0x00, 0xD8, 0x00,  // Load PEQ End
	0x00, 0xA1, 0x05,  // Load PEQ Start
	0x00, 0x00, 0x02,  // Ch: 3
	0x00, 0x00, 0x00,  // Type: Bell
	0x00, 0x00, 0x31,  // Freq: 271 Hz
	0x00, 0x00, 0x34,  // Q: 2.69
	0x00, 0x00, 0x18,  // Gain: -11.3
	0x00, 0xD8, 0x00,  // Load PEQ End
	0x00, 0xA1, 0x05,  // Load PEQ Start
	0x00, 0x00, 0x03,  // Ch: 4
	0x00, 0x00, 0x00,  // Type: Bell
	0x00, 0x00, 0x4F,  // Freq: 1534 Hz
	0x00, 0x00, 0x68,  // Q: 4.99
	0x00, 0x00, 0x2A,  // Gain: -6.2
	0x00, 0xD8, 0x00,  // Load PEQ End
	0x00, 0xA1, 0x05,  // Load PEQ Start
	0x00, 0x00, 0x04,  // Ch: 5
	0x00, 0x00, 0x00,  // Type: Bell
	0x00, 0x00, 0x39,  // Freq: 431 Hz
	0x00, 0x00, 0x78,  // Q: 5.69
	0x00, 0x00, 0x2A,  // Gain: -6.2
	0x00, 0xD8, 0x00,  // Load PEQ End
	0x00, 0xA1, 0x05,  // Load PEQ Start
	0x00, 0x00, 0x05,  // Ch: 6
	0x00, 0x00, 0x00,  // Type: Bell
	0x00, 0x00, 0x3E,  // Freq: 575 Hz
	0x00, 0x00, 0x51,  // Q: 3.97
	0x00, 0x00, 0x2D,  // Gain: -5.4
	0x00, 0xD8, 0x00,  // Load PEQ End
	0x00, 0xA1, 0x05,  // Load PEQ Start
	0x00, 0x00, 0x06,  // Ch: 7
	0x00, 0x00, 0x00,  // Type: Bell
	0x00, 0x00, 0x45,  // Freq: 861 Hz
	0x00, 0x00, 0x64,  // Q: 4.81
	0x00, 0x00, 0x2E,  // Gain: -5.1
	0x00, 0xD8, 0x00,  // Load PEQ End
	0x00, 0xA1, 0x05,  // Load PEQ Start
	0x00, 0x00, 0x07,  // Ch: 8
	0x00, 0x00, 0x00,  // Type: Bell
	0x00, 0x00, 0x49,  // Freq: 1085 Hz
	0x00, 0x00, 0x68,  // Q: 4.99
	0x00, 0x00, 0x2D,  // Gain: -5.4
	0x00, 0xD8, 0x00,  // Load PEQ End
	0x00, 0xA1, 0x05,  // Load PEQ Start
	0x00, 0x00, 0x08,  // Ch: 9
	0x00, 0x00, 0x00,  // Type: Bell
	0x00, 0x00, 0x5C,  // Freq: 3251 Hz
	0x00, 0x00, 0x2F,  // Q: 2.47
	0x00, 0x00, 0x2E,  // Gain: -5.1
	0x00, 0xD8, 0x00,  // Load PEQ End
	0x00, 0xA1, 0x05,  // Load PEQ Start
	0x00, 0x00, 0x09,  // Ch: 10
	0x00, 0x00, 0x03,  // Type: Low Pass
	0x00, 0x00, 0x76,  // Freq: 14596 Hz
	0x00, 0x00, 0x56,  // Q: 4.19
	0x00, 0x00, 0x40,  // Gain: -0.0
	0x00, 0xD8, 0x00,  // Load PEQ End
	0x00, 0xCF, 0x01,  // Set Bypass Algorithm. Bypass is enabled for : High Pass Filter,
	0x00, 0xD1, 0x00,  // Set MaxxBass Intensity : 0.0 %
	0x00, 0xD1, 0x09,  // Set MaxxBass Intensity : 11.8 %
	0x00, 0xD1, 0x12,  // Set MaxxBass Intensity : 23.7 %
	0x00, 0xD1, 0x1B,  // Set MaxxBass Intensity : 35.5 %
	0x00, 0xD1, 0x24,  // Set MaxxBass Intensity : 47.4 %
	0x00, 0xD1, 0x2D,  // Set MaxxBass Intensity : 59.2 %
	0x00, 0xD1, 0x36,  // Set MaxxBass Intensity : 71.1 %
	0x00, 0xD1, 0x3F,  // Set MaxxBass Intensity : 82.9 %
	0x00, 0xD1, 0x48,  // Set MaxxBass Intensity : 94.7 %
	0x00, 0xD1, 0x4C,  // Set MaxxBass Intensity : 100.0 %
	0x00, 0xD1, 0x19,  // Set MaxxBass Intensity : 32.9 %
	0x00, 0xCF, 0x00,  // Set Bypass Algorithm. Bypass is disabled for all algorithms.
	0x00, 0xD2, 0x32,  // Set MaxxTreble Intensity : 39.4 %
	0x00, 0xCF, 0x00,  // Set Bypass Algorithm. Bypass is disabled for all algorithms.
	0x00, 0xD3, 0x29,  // Set Maxx3D Intensity : 53.9 %
	0x00, 0xD6, 0x0E,  // Set Maxx3D Mode : SF 44.1KHz/48KHz, Speaker Span Normal, Low-Pass 3 dB
	0x00, 0xCF, 0x00,  // Set Bypass Algorithm. Bypass is disabled for all algorithms.
	0x00, 0xE8, 0x34,  // Set MaxxDialog Level : 40.9 %
	0x00, 0xE9, 0x4A,  // Set MaxxDialog Side Level : 58.3 %
	0x00, 0xCF, 0x00,  // Set Bypass Algorithm. Bypass is disabled for all algorithms.
	0x00, 0xF0, 0x00,  // Disable MaxxVolume to MaxxBass Correlation
	0x01, 0xF1, 0xD6,  // Correlation Threshold
	0x00, 0xF2, 0x01,  // Correlation Ratio
	0x00, 0xF3, 0x00,  // Disable Midnight Mode
	0x00, 0xF4, 0x01,  // Sub EQ - Active, No Reset
};

static int i2c_write_bytes(struct i2c_client *client, uint8_t *data, uint16_t len)
{
	struct i2c_msg msg;
	int ret = -1;
	int retry = 3;

	msg.flags = 0;
	msg.addr = client->addr;
	msg.len = len;
	msg.buf = data;
	do
	{
		ret = i2c_transfer(client->adapter, &msg, 1);
		retry--;
		if(ret < 0)
		{
			mdelay(30);
			pr_info("####val = [0: %0x][1: %0x][2: %0x] retry =%d\n", data[0],data[1],data[2], retry);
		}
	} while((ret < 0) && (retry > 0));

	return ret;
}

int MaxxDSP_SendCmd (unsigned char *CmdList, int size, struct i2c_client *i2c_client)
{
	int index;
	int ret = 0;
	bool pll_cmd_done = false;
	//pr_info("### %s,%d,ret =%d,size=%d\n",__func__,__LINE__,ret ,size);

	for (index = 0; index < (size / 3); index++)
	{
		ret = i2c_write_bytes(i2c_client, CmdList, 3);
		if (pll_cmd_done)
		{
			udelay(250);
			pll_cmd_done = false;
		}

		if(CmdList[0] == 0xFF && CmdList[1] == 0xAB && (CmdList[2] == 0xFB || CmdList[2] == 0xFA))
		{
			pll_cmd_done = true;
			pr_info("%s CMD=0xFF 0xAB 0xFA && 0xFB\n",__func__);
		}
		CmdList += 3;

		if (ret < 0)
		{
			pr_info("### %s,%d,ret =%d,index=%d\n\n",__func__,__LINE__,ret ,index);
			return -1;
		}
	}
	return 0;
}

static int i2c_read_bytes(struct i2c_client *client, uint8_t *data, uint16_t len)
{
	struct i2c_msg msgs[2];
	int ret = -1;

	msgs[0].flags = !I2C_M_RD;
	msgs[0].addr = client->addr;
	msgs[0].len = len;
	msgs[0].buf = &data[0];

	msgs[1].flags = I2C_M_RD;
	msgs[1].addr = client->addr;
	msgs[1].len = len;
	msgs[1].buf = &data[3];

	ret = i2c_transfer(client->adapter,msgs, 2);
	pr_info("%s Data:0x%X 0x%X 0x%X, Return:0x%X 0x%X 0x%X\n",__func__,
			data[0], data[1], data[2], data[3], data[4], data[5]);
	pr_debug("%s Data:0x%X 0x%X 0x%X, Return:0x%X 0x%X 0x%X\n",__func__,
			data[0], data[1], data[2], data[3], data[4], data[5]);

	return ret;
}
int MaxxDSP_ReadCmd (unsigned char *CmdList, struct i2c_client *i2c_client)
{
	int ret;
	ret = i2c_read_bytes(i2c_client, CmdList, 3);
	if (ret < 0)
		pr_info("%s i2c_read_bytes fail\n", __func__);

	return 0;
}
static unsigned int alg_index = 0;
static int npca110_alg_get(struct snd_kcontrol *kcontrol,
		struct snd_ctl_elem_value *ucontrol)
{
	struct soc_enum *e = (struct soc_enum *)kcontrol->private_value;
	unsigned int val, bitmask;

	for (bitmask = 1; bitmask < e->items; bitmask <<= 1)
		;
	val = alg_index;
	ucontrol->value.enumerated.item[0]
		= (val >> e->shift_l) & (bitmask - 1);
	if (e->shift_l != e->shift_r)
		ucontrol->value.enumerated.item[1] =
			(val >> e->shift_r) & (bitmask - 1);

	return 0;
}

static int npca110_alg_put(struct snd_kcontrol *kcontrol,
		struct snd_ctl_elem_value *ucontrol)
{
	struct snd_soc_codec *codec = snd_kcontrol_chip(kcontrol);
	struct npca110_priv *npca110 = snd_soc_codec_get_drvdata(codec);
	struct soc_enum *e = (struct soc_enum *)kcontrol->private_value;
	unsigned int val;
	unsigned int mask, bitmask;

	if (npca110 == NULL)
		pr_info("%s npca110 is NULL\n",__func__);

	for (bitmask = 1; bitmask < e->items; bitmask <<= 1)
		;
	if (ucontrol->value.enumerated.item[0] > e->items - 1)
		return -EINVAL;
	val = ucontrol->value.enumerated.item[0] << e->shift_l;
	mask = (bitmask - 1) << e->shift_l;
	if (e->shift_l != e->shift_r) {
		if (ucontrol->value.enumerated.item[1] > e->items - 1)
			return -EINVAL;
		val |= ucontrol->value.enumerated.item[1] << e->shift_r;
		mask |= (bitmask - 1) << e->shift_r;
	}
	alg_index = val;

	switch(val) {
		case 0:
			MaxxDSP_SendCmd (MaxxAudio_Cmd_Standard_Alg, sizeof(MaxxAudio_Cmd_Standard_Alg), npca110->npca110_i2c);
			break;
		case 1:
			MaxxDSP_SendCmd (MaxxAudio_Cmd_Resounding_Alg, sizeof(MaxxAudio_Cmd_Resounding_Alg), npca110->npca110_i2c);
			break;
		case 2:
			MaxxDSP_SendCmd (MaxxAudio_Cmd_Relaxing_Alg, sizeof(MaxxAudio_Cmd_Relaxing_Alg), npca110->npca110_i2c);
			break;
		default:
			pr_info("%s Not Support other's Algorithm\n",__func__);
			return 0;
	}
	pr_info("%s Algorithm=%s\n",__func__, e->texts[alg_index]);
	return 1;
}

static unsigned int vol_index = 0;
static int npca110_vol_get(struct snd_kcontrol *kcontrol,
		struct snd_ctl_elem_value *ucontrol)
{
	struct soc_enum *e = (struct soc_enum *)kcontrol->private_value;
	unsigned int val, bitmask;

	for (bitmask = 1; bitmask < e->items; bitmask <<= 1)
		;
	val = vol_index;
	ucontrol->value.enumerated.item[0]
		= (val >> e->shift_l) & (bitmask - 1);
	if (e->shift_l != e->shift_r)
		ucontrol->value.enumerated.item[1] =
			(val >> e->shift_r) & (bitmask - 1);

	return 0;
}

static int npca110_vol_put(struct snd_kcontrol *kcontrol,
		struct snd_ctl_elem_value *ucontrol)
{
	struct snd_soc_codec *codec = snd_kcontrol_chip(kcontrol);
	struct npca110_priv *npca110 = snd_soc_codec_get_drvdata(codec);
	struct soc_enum *e = (struct soc_enum *)kcontrol->private_value;
	unsigned int val;
	unsigned int mask, bitmask;
	unsigned char vol_val = 0;
	unsigned char MaxxAudio_Cmd_MaxxVolume[] =
	{
		0x01, 0xD0, 0x90,  // Set MaxxVolume Gain : 0 dB
	};

	if (npca110 == NULL)
		pr_info("%s npca110 is NULL\n",__func__);

	for (bitmask = 1; bitmask < e->items; bitmask <<= 1)
		;
	if (ucontrol->value.enumerated.item[0] > e->items - 1)
		return -EINVAL;
	val = ucontrol->value.enumerated.item[0] << e->shift_l;
	mask = (bitmask - 1) << e->shift_l;
	if (e->shift_l != e->shift_r) {
		if (ucontrol->value.enumerated.item[1] > e->items - 1)
			return -EINVAL;
		val |= ucontrol->value.enumerated.item[1] << e->shift_r;
		mask |= (bitmask - 1) << e->shift_r;
	}
	vol_index = val;
	vol_val = e->values[vol_index];
	MaxxAudio_Cmd_MaxxVolume[2] = vol_val;
	pr_info("%s MaxxAudio_CMmd_MaxxVolume=0x%X, 0x%X, 0x%X\n",__func__,
			MaxxAudio_Cmd_MaxxVolume[0], MaxxAudio_Cmd_MaxxVolume[1],MaxxAudio_Cmd_MaxxVolume[2]);
	pr_info("%s Set MaxxVolume=%s, 0x%X\n",__func__, e->texts[vol_index], vol_val);
	MaxxDSP_SendCmd (MaxxAudio_Cmd_MaxxVolume, sizeof(MaxxAudio_Cmd_MaxxVolume), npca110->npca110_i2c);

	return 1;
}

static unsigned int mute_index = 0;
static int npca110_mute_get(struct snd_kcontrol *kcontrol,
		struct snd_ctl_elem_value *ucontrol)
{
	struct soc_enum *e = (struct soc_enum *)kcontrol->private_value;
	unsigned int val, bitmask;

	for (bitmask = 1; bitmask < e->items; bitmask <<= 1)
		;
	val = mute_index;
	ucontrol->value.enumerated.item[0]
		= (val >> e->shift_l) & (bitmask - 1);
	if (e->shift_l != e->shift_r)
		ucontrol->value.enumerated.item[1] =
			(val >> e->shift_r) & (bitmask - 1);

	return 0;
}

static int npca110_mute_put(struct snd_kcontrol *kcontrol,
		struct snd_ctl_elem_value *ucontrol)
{
	struct snd_soc_codec *codec = snd_kcontrol_chip(kcontrol);
	struct npca110_priv *npca110 = snd_soc_codec_get_drvdata(codec);
	struct soc_enum *e = (struct soc_enum *)kcontrol->private_value;
	unsigned int val;
	unsigned int mask, bitmask;
	unsigned char mute_val;
	unsigned char MaxxAudio_Cmd_Mute [] =
	{
		0x00, 0xC7, 0x01,  // Soft-Mute
	};

	if (npca110 == NULL)
		pr_info("%s npca110 is NULL\n",__func__);

	for (bitmask = 1; bitmask < e->items; bitmask <<= 1)
		;
	if (ucontrol->value.enumerated.item[0] > e->items - 1)
		return -EINVAL;
	val = ucontrol->value.enumerated.item[0] << e->shift_l;
	mask = (bitmask - 1) << e->shift_l;
	if (e->shift_l != e->shift_r) {
		if (ucontrol->value.enumerated.item[1] > e->items - 1)
			return -EINVAL;
		val |= ucontrol->value.enumerated.item[1] << e->shift_r;
		mask |= (bitmask - 1) << e->shift_r;
	}
	mute_index = val;
	mute_val = e->values[mute_index];
	MaxxAudio_Cmd_Mute[2] = mute_val;
	pr_info("%s MaxxAudio_Cmd_Mute=0x%X, 0x%X, 0x%X\n",__func__,
			MaxxAudio_Cmd_Mute[0], MaxxAudio_Cmd_Mute[1], MaxxAudio_Cmd_Mute[2]);
	pr_info("%s Soft %s, 0x%X\n",__func__, e->texts[mute_index], mute_val);
	MaxxDSP_SendCmd (MaxxAudio_Cmd_Mute, sizeof(MaxxAudio_Cmd_Mute), npca110->npca110_i2c);

	return 1;
}

#define NPCA110_ALG(xname, xenum) \
	SOC_ENUM_EXT(xname, xenum, npca110_alg_get, npca110_alg_put)
#define NPCA110_VOL(xname, xenum) \
	SOC_ENUM_EXT(xname, xenum, npca110_vol_get, npca110_vol_put)
#define NPCA110_MUTE(xname, xenum) \
	SOC_ENUM_EXT(xname, xenum, npca110_mute_get, npca110_mute_put)

static const char *npca110_alg_text[] = { "Standard", "Resounding", "Relaxing" };
static SOC_ENUM_SINGLE_EXT_DECL(npca110_alg_enum, npca110_alg_text);

static const char *npca110_vol_text[] = {
	"8.40dB", "6.40dB", "4.40dB", "2.20dB", "0.00dB", "-2.00dB",
	"-4.00dB", "-8.00dB", "-12.00dB", "-20.00dB",
};

//Data Byte 8-15 is always 0x01
static const unsigned int npca110_vol_val[] = {
	0xBA, 0xB0, 0xA6, 0x9B, 0x90, 0x86, 0x7C, 0x68, 0x54, 0x2C,
};

static const struct soc_enum npca110_vol_sel[] = {
	SOC_VALUE_ENUM_SINGLE(NPCA110_MAXX_VOLUME, 0, 0x01F3, ARRAY_SIZE(npca110_vol_text), npca110_vol_text, npca110_vol_val),
};

static const char *npca110_mute_text[] = {
	"Mute", "Unmute",
};

static const unsigned int npca110_mute_val[] = {
	0x01, 0x00,
};

static const struct soc_enum npca110_mute_sel[] = {
	SOC_VALUE_ENUM_SINGLE(NPCA110_SOFT_MUTE, 0, 0x1, ARRAY_SIZE(npca110_mute_text), npca110_mute_text, npca110_mute_val),
};

static const struct snd_kcontrol_new npca110_snd_controls[] = {
	NPCA110_ALG("Algorithm Control", npca110_alg_enum),
	NPCA110_VOL("MaxxVolume Control", npca110_vol_sel),
	NPCA110_MUTE("SoftMute Control", npca110_mute_sel),
};

static int npca110_set_dai_clkdiv(struct snd_soc_dai *codec_dai,
		int div_id, int div)
{
	pr_info("### %s,%d\n",__func__,__LINE__);

	return 0;
}

static int npca110_set_dai_sysclk(struct snd_soc_dai *codec_dai, int clk_id,
		unsigned int freq, int dir)
{
	pr_info("### %s,%d\n",__func__,__LINE__);

	return 0;
}

static int npca110_set_dai_fmt(struct snd_soc_dai *codec_dai, unsigned int fmt)
{
	pr_info("### %s,%d\n",__func__,__LINE__);

	return 0;
}

static int npca110_hw_params(struct snd_pcm_substream *substream,
		struct snd_pcm_hw_params *params,
		struct snd_soc_dai *dai)
{
	pr_info("### %s,%d\n",__func__,__LINE__);

	return 0;
}

static int npca110_mute(struct snd_soc_dai *dai, int mute)
{
	struct snd_soc_codec *codec = dai->codec;
	struct npca110_priv *npca110 = snd_soc_codec_get_drvdata(codec);

	unsigned char MaxxAudio_Cmd_Mute [] =
	{
		0x00, 0xC7, 0,//mute,  // Soft-Mute
	};

	if (mute) {
		pr_info("%s Soft-Mute\n", __func__);
		npca110->playback_active = false;
		if (!npca110->linein_inserted)
			ntp8810_playback(mute);
	} else {
		pr_info("%s Soft-Unmute\n", __func__);
		ntp8810_playback(mute);
		npca110->playback_active = true;
	}
	pr_info("%s MaxxAudio_Cmd_Mute=0x%X, 0x%X, 0x%X\n",__func__, MaxxAudio_Cmd_Mute[0], MaxxAudio_Cmd_Mute[1],MaxxAudio_Cmd_Mute[2]);
	MaxxDSP_SendCmd (MaxxAudio_Cmd_Mute, sizeof(MaxxAudio_Cmd_Mute), npca110->npca110_i2c);

	return 0;
}

static int npca110_set_bias_level(struct snd_soc_codec *codec,
		enum snd_soc_bias_level level)
{
	pr_info("### %s,%d\n",__func__,__LINE__);

	return 0;
}

#define npca110_FORMATS (SNDRV_PCM_FMTBIT_S16_LE | SNDRV_PCM_FMTBIT_S20_3LE | \
		SNDRV_PCM_FMTBIT_S24_LE | SNDRV_PCM_FMTBIT_S32_LE)

static const struct snd_soc_dai_ops npca110_dai_ops = {
	.hw_params	= npca110_hw_params,
	.digital_mute	= npca110_mute,
	.set_fmt	= npca110_set_dai_fmt,
	.set_clkdiv	= npca110_set_dai_clkdiv,
	.set_sysclk	= npca110_set_dai_sysclk,
};

static struct snd_soc_dai_driver npca110_dai = {
	.name = "npca110-voice",
	.playback = {
		.stream_name = "Playback",
		.channels_min = 1,
		.channels_max = 2,
		.rates = SNDRV_PCM_RATE_8000_48000,
		.formats = npca110_FORMATS,
	},
	.capture = {
		.stream_name = "Capture",
		.channels_min = 1,
		.channels_max = 4,
		.rates = SNDRV_PCM_RATE_8000_48000,
		.formats = npca110_FORMATS,
	},
	.ops = &npca110_dai_ops,
	.symmetric_rates = 1,
};

static int npca110_suspend(struct snd_soc_codec *codec)
{
	return 0;
}

static int npca110_resume(struct snd_soc_codec *codec)
{
	return 0;
}

int npca110_i2c_config(struct npca110_priv *npca110)
{
	static unsigned char MaxxAudio_Cmd_GetVersion [] =
	{
		0x00, 0xB8, 0x00//Get Chip Software Version
	};

	MaxxDSP_ReadCmd (MaxxAudio_Cmd_GetVersion, npca110->npca110_i2c);
	mdelay(10);

	MaxxDSP_SendCmd (MaxxAudio_Cmd_Reset,sizeof(MaxxAudio_Cmd_Reset), npca110->npca110_i2c);
	msleep(30);

	pr_info("### %s,%d MaxxAudio_Cmd_FULL_Init\n",__func__,__LINE__);
	MaxxDSP_SendCmd (MaxxAudio_Cmd_FULL_Init, sizeof(MaxxAudio_Cmd_FULL_Init), npca110->npca110_i2c);
	pr_info("### %s,%d MaxxAudio_Cmd_FULL_Alg\n",__func__,__LINE__);
	MaxxDSP_SendCmd (MaxxAudio_Cmd_FULL_Alg, sizeof(MaxxAudio_Cmd_FULL_Alg), npca110->npca110_i2c);
	pr_info("### %s,%d MaxxAudio_Cmd_FULL_Patch\n",__func__,__LINE__);
	MaxxDSP_SendCmd (MaxxAudio_Cmd_FULL_Patch, sizeof(MaxxAudio_Cmd_FULL_Patch), npca110->npca110_i2c);


	//MaxxDSP_SendCmd (MaxxAudio_Cmd44K_FULL, sizeof(MaxxAudio_Cmd44K_FULL), npca110->npca110_i2c);
	return 0;
}
/*
   static int npca110_get_res(void)
   {
   int ret;

   ret = gpio_request(NPCA110_RESET,"NPCA110_RESET");
   if(ret < 0)
   {
   pr_info("%s gpio request fail and can not use this gpio pin.\n",__func__);
   gpio_free(NPCA110_RESET);
   return ret;
   }
   return 0;
   }
   */
static irqreturn_t npca110_irq_handler(int irq, void *data)
{
	struct npca110_priv *npca110 = data;
	pr_info(">>>>npca110_irq_handler\n");

	schedule_delayed_work(&npca110->work, msecs_to_jiffies(npca110->debounce_time));

	return IRQ_HANDLED;
}

static void linein_work(struct work_struct *work)
{
	struct npca110_priv *npca110;
	int enable;

	pr_info(">>>>linein_work\n");

	npca110 = container_of(work, struct npca110_priv, work.work);

	enable = gpio_get_value(npca110->gpio_det);
	pr_info(">>>>linein_work enable : %d, invert : %d\n", enable, npca110->linein_det_invert);
	if (npca110->linein_det_invert)
		enable = !enable;

	npca110->linein_inserted = enable ? true : false;
	if (1) {
		pr_info(">>>>linein_work linein_inserted : %d\n", npca110->linein_inserted);
		if (npca110->linein_inserted) {
			MaxxDSP_SendCmd (MaxxAudio_Cmd_LineIn_On,sizeof(MaxxAudio_Cmd_LineIn_On), npca110->npca110_i2c);
			ntp8810_playback(0);
		} else {
			pr_info(">>>>>MaxxAudio_Cmd_LineIn_off\n");
			MaxxDSP_SendCmd (MaxxAudio_Cmd_LineIn_Off,sizeof(MaxxAudio_Cmd_LineIn_Off), npca110->npca110_i2c);
			if(!npca110->playback_active)
				ntp8810_playback(1);
		}
	}
}

static int npca110_probe(struct snd_soc_codec *codec)
{
	struct npca110_priv *npca110 = snd_soc_codec_get_drvdata(codec);
	int ret;

	pr_info("### %s,%d\n",__func__,__LINE__);
	pr_debug("### %s,%d\n",__func__,__LINE__);
#if 1
	npca110->mclk = devm_clk_get(codec->dev, "mclk");
	if (PTR_ERR(npca110->mclk) == -EPROBE_DEFER)
		return -EPROBE_DEFER;
	/*
	   ret = clk_set_rate(npca110->mclk, 11289600);
	   if (ret) {
	   dev_err(codec->dev, "clk_set_rate is fail!\n");
	   return ret;
	   }
	   */
	ret = clk_prepare_enable(npca110->mclk);
	if (ret)
		return ret;
	pr_info("### %s,>>>>>>>>>>>out:ret=%d \n",__func__, ret);
#endif
	/*
	   gpio_set_value(NPCA110_RESET, 0);
	   mdelay(30);
	   gpio_set_value(NPCA110_RESET, 1);
	   mdelay(30);
	   */
	npca110_i2c_config(npca110);

	return 0;
}

static int npca110_remove(struct snd_soc_codec *codec)
{
	pr_info("### %s,%d\n",__func__,__LINE__);

	return 0;
}

static struct snd_soc_codec_driver soc_codec_dev_npca110 = {
	.probe =	npca110_probe,
	.remove =	npca110_remove,
	.suspend =	npca110_suspend,
	.resume =	npca110_resume,
	.set_bias_level = npca110_set_bias_level,

	.controls = npca110_snd_controls,
	.num_controls = ARRAY_SIZE(npca110_snd_controls),
};

static int npca110_i2c_probe(struct i2c_client *i2c,
		const struct i2c_device_id *id)
{
	struct npca110_priv *npca110;
	struct device_node *np = i2c->dev.of_node;
	enum of_gpio_flags flags;
	int npca110_reset_gpio;
	int linein_irq;
	int ret;
	pr_info("### %s,%d\n",__func__,__LINE__);
	pr_debug("### %s,%d\n",__func__,__LINE__);

	npca110 = devm_kzalloc(&i2c->dev, sizeof(struct npca110_priv),
			GFP_KERNEL);
	if (npca110 == NULL)
		return -ENOMEM;

	npca110->debounce_time = 200;
	npca110->linein_det_invert = 0;
	npca110->linein_inserted = false;

	npca110->npca110_i2c = i2c;
	i2c_set_clientdata(i2c, npca110);

	ret = snd_soc_register_codec(&i2c->dev,
			&soc_codec_dev_npca110, &npca110_dai, 1);
	if (ret != 0) {
		dev_err(&i2c->dev, "Failed to register CODEC: %d\n", ret);
		kfree(npca110);
		return ret;
	}

	npca110_reset_gpio = of_get_named_gpio_flags(np, "pwd-reset-gpio",
			0, &flags);
	if (npca110_reset_gpio < 0) {
		pr_err("%s Can not read property npca110 pwd-reset-gpio\n",
				__func__);
		npca110_reset_gpio = -1;
	} else {
		pr_info("npca110 pwd-reset-gpio = %d\n", npca110_reset_gpio);
		ret = gpio_request(npca110_reset_gpio, NULL);
		if (!ret) {
			pr_info("requset npca110-reset-gpio success!\n");
			//gpio_direction_output(53, 0);
			//msleep(30);
			gpio_direction_output(npca110_reset_gpio, 0);
			msleep(30);
			gpio_direction_output(npca110_reset_gpio, 1);
			msleep(30);
		} else {
			pr_err("requset npca110 pwd-con-gpio failed:%d\n", ret);
			return ret;
		}
	}

	npca110->gpio_det = of_get_named_gpio_flags(np, "gpio-det",
			0, &flags);
	if (npca110->gpio_det < 0) {
		pr_err("%s Can not read property npca110 gpio-det\n",
				__func__);
		npca110->gpio_det = -1;
	} else {
		pr_info("npca110 gpio-det = %d\n", npca110->gpio_det);
		INIT_DELAYED_WORK(&npca110->work, linein_work);
		npca110->linein_det_invert = !!(flags & OF_GPIO_ACTIVE_LOW);
		ret = devm_gpio_request_one(&i2c->dev, npca110->gpio_det,
				GPIOF_IN, "linein det");
		if (ret < 0)
			return ret;
		linein_irq = gpio_to_irq(npca110->gpio_det);
		ret = devm_request_threaded_irq(&i2c->dev, linein_irq, NULL,
				npca110_irq_handler,
				IRQF_TRIGGER_FALLING |
				IRQF_TRIGGER_RISING |
				IRQF_ONESHOT | IRQF_NO_SUSPEND,
				"npca110_interrupt", npca110);
		if (ret < 0) {
			dev_err(&i2c->dev, "request_irq failed: %d\n", ret);
			return ret;
		}

		enable_irq_wake(linein_irq);

		schedule_delayed_work(&npca110->work, msecs_to_jiffies(3000));
	}

	return 0;
}

static int npca110_i2c_remove(struct i2c_client *client)
{
	snd_soc_unregister_codec(&client->dev);
	pr_info("### %s,%d\n",__func__,__LINE__);

	return 0;
}

static const struct i2c_device_id npca110_i2c_id[] = {
	{ "npca110", 0 },
	{ }
};
MODULE_DEVICE_TABLE(i2c, npca110_i2c_id);

static struct i2c_driver npca110_i2c_driver = {
	.driver = {
		.name = "npca110",
		.owner = THIS_MODULE,
	},
	.probe =    npca110_i2c_probe,
	.remove =   npca110_i2c_remove,
	.id_table = npca110_i2c_id,
};

static int __init npca110_modinit(void)
{
	pr_info("### %s,%d\n",__func__,__LINE__);
	//npca110_get_res();

	return i2c_add_driver(&npca110_i2c_driver);
}
late_initcall(npca110_modinit);

static void __exit npca110_modexit(void)
{
	pr_info("### %s,%d\n",__func__,__LINE__);

	i2c_del_driver(&npca110_i2c_driver);
}
module_exit(npca110_modexit);
MODULE_DESCRIPTION("ASoC NPCA110 MaxAudio Driver");
MODULE_AUTHOR("Nuvoton CTLIN <ctlin0@nuvoton.com>");
MODULE_LICENSE("GPL v2");
